,date_cd,dong,temp,hum,redust,pm10,pm25,o3,no2,co,so2,buspop,stops,consts
0,20220207,이촌동,1.0,36.0,46.0,28,16,0.021,0.031,0.5,0.004,7290,33,1
1,20220311,이촌동,11.0,63.0,13.0,67,36,0.022,0.043,0.6,0.004,8118,33,1
2,20220318,이촌동,9.0,67.0,20.0,6,3,0.032,0.01,0.3,0.002,7655,33,1
3,20220518,이촌동,26.0,46.0,139.0,59,34,0.079,0.017,0.5,0.004,9342,33,3
4,20220518,서빙고동,26.0,45.0,16.0,59,34,0.079,0.017,0.5,0.004,7282,24,3
5,20220518,한남동,27.0,47.0,17.0,59,34,0.079,0.017,0.5,0.004,30557,46,3
6,20220518,효창동,24.0,50.0,52.0,59,34,0.079,0.017,0.5,0.004,4367,4,3
7,20220518,후암동,26.0,47.0,12.0,59,34,0.079,0.017,0.5,0.004,5953,16,3
8,20220616,이촌동,22.0,90.0,28.0,15,9,0.029,0.016,0.3,0.003,10009,33,5
9,20220616,서빙고동,22.0,92.0,11.0,15,9,0.029,0.016,0.3,0.003,7492,24,5
10,20220616,한남동,23.0,90.0,15.0,15,9,0.029,0.016,0.3,0.003,29953,46,5
11,20220616,효창동,21.0,96.0,39.0,15,9,0.029,0.016,0.3,0.003,4172,4,5
12,20220616,후암동,21.0,97.0,11.0,15,9,0.029,0.016,0.3,0.003,6002,16,5
13,20220718,이촌동,30.0,63.0,5.0,27,18,0.041,0.021,0.4,0.003,9259,33,8
14,20220718,서빙고동,30.0,65.0,2.0,27,18,0.041,0.021,0.4,0.003,6872,24,8
15,20220718,한남동,31.0,62.0,2.0,27,18,0.041,0.021,0.4,0.003,27186,46,8
16,20220718,효창동,29.0,66.0,7.0,27,18,0.041,0.021,0.4,0.003,4036,4,8
17,20220718,후암동,29.0,68.0,2.0,27,18,0.041,0.021,0.4,0.003,5918,16,8
18,20220819,이촌동,29.0,85.0,6.0,23,13,0.031,0.016,0.2,0.003,8830,33,8
19,20220819,서빙고동,28.0,91.0,1.0,23,13,0.031,0.016,0.2,0.003,6714,24,8
20,20220819,한남동,29.0,91.0,6.0,23,13,0.031,0.016,0.2,0.003,27549,46,8
21,20220819,효창동,28.0,84.0,2.0,23,13,0.031,0.016,0.2,0.003,3872,4,8
22,20220819,후암동,28.0,94.0,2.0,23,13,0.031,0.016,0.2,0.003,6018,16,8
23,20221005,이촌동,20.0,73.0,12.0,19,8,0.023,0.013,0.3,0.003,9673,33,9
24,20221005,서빙고동,21.0,70.0,6.0,19,8,0.023,0.013,0.3,0.003,7392,24,9
25,20221005,한남동,22.0,66.0,10.0,19,8,0.023,0.013,0.3,0.003,29918,46,9
26,20221005,효창동,18.0,78.0,7.0,19,8,0.023,0.013,0.3,0.003,5200,4,9
27,20221005,후암동,20.0,72.0,3.0,19,8,0.023,0.013,0.3,0.003,6182,16,9
28,20221115,이촌동,11.0,76.0,16.0,30,15,0.015,0.025,0.4,0.003,8472,33,12
29,20221115,서빙고동,12.0,74.0,8.0,30,15,0.015,0.025,0.4,0.003,6797,24,12
30,20221115,한남동,13.0,74.0,9.0,30,15,0.015,0.025,0.4,0.003,27647,46,12
31,20221115,효창동,10.0,78.0,7.0,30,15,0.015,0.025,0.4,0.003,4947,4,12
32,20221115,후암동,12.0,76.0,8.0,30,15,0.015,0.025,0.4,0.003,5910,16,12
33,20221213,이촌동,3.0,63.0,19.0,213,29,0.022,0.015,0.4,0.003,6818,33,16
34,20221213,서빙고동,4.0,62.0,9.0,213,29,0.022,0.015,0.4,0.003,6005,24,16
35,20221213,한남동,4.0,61.0,28.0,213,29,0.022,0.015,0.4,0.003,20600,46,16
36,20221213,효창동,3.0,64.0,7.0,213,29,0.022,0.015,0.4,0.003,2969,4,16
37,20221213,후암동,3.0,64.0,12.0,213,29,0.022,0.015,0.4,0.003,4479,16,16
38,20230106,이촌동,1.0,60.0,6.0,66,54,0.011,0.044,0.8,0.004,8393,33,19
39,20230106,한남동,0.0,63.0,5.0,66,54,0.011,0.044,0.8,0.004,27033,46,19
40,20230208,이촌동,6.0,49.0,76.0,76,54,0.023,0.025,0.6,0.003,8499,33,22
41,20230208,한남동,6.0,53.0,85.0,76,54,0.023,0.025,0.6,0.003,28769,46,22
42,20230213,이촌동,9.0,57.0,3.0,35,27,0.028,0.025,0.6,0.003,8004,33,20
43,20230213,한남동,9.0,55.0,3.0,35,27,0.028,0.025,0.6,0.003,26329,46,20
44,20220207,소공동,2.0,33.0,25.0,27,15,0.018,0.014,0.6,0.004,26013,30,8
45,20220315,소공동,8.0,87.0,63.0,36,29,0.023,0.033,0.7,0.003,26635,30,9
46,20220208,자양동,6.0,27.0,36.0,31,19,0.013,0.043,0.6,0.004,23643,61,25
47,20220222,자양동,0.0,36.0,38.0,28,14,0.037,0.012,0.5,0.003,23275,61,12
48,20220222,중곡동,0.0,33.0,31.0,28,14,0.037,0.012,0.5,0.003,17998,97,12
49,20220310,자양동,12.0,49.0,59.0,66,44,0.023,0.039,0.6,0.004,22601,61,12
50,20220310,중곡동,12.0,49.0,54.0,66,44,0.023,0.039,0.6,0.004,18236,97,12
51,20220310,자양동,14.0,33.0,129.0,69,36,0.019,0.049,0.7,0.004,22601,61,25
52,20220318,자양동,10.0,61.0,132.0,5,1,0.04,0.011,0.3,0.004,23325,61,12
53,20220318,중곡동,10.0,62.0,56.0,5,1,0.04,0.011,0.3,0.004,18263,97,12
54,20220318,자양동,10.0,61.0,115.0,8,2,0.036,0.014,0.4,0.003,23325,61,25
55,20220520,자양동,26.0,36.0,26.0,36,21,0.044,0.018,0.4,0.004,27543,61,18
56,20220520,중곡동,27.0,36.0,69.0,36,21,0.044,0.018,0.4,0.004,20745,97,18
57,20220520,광장동,24.0,43.0,69.0,36,21,0.044,0.018,0.4,0.004,5057,36,18
58,20220520,구의동,25.0,37.0,105.0,36,21,0.044,0.018,0.4,0.004,24640,74,18
59,20220602,자양동,25.0,47.0,21.0,32,15,0.049,0.02,0.4,0.003,25871,61,30
60,20220602,가락동,27.0,47.0,24.0,32,15,0.049,0.02,0.4,0.003,15549,41,30
61,20220602,거여동,27.0,45.0,32.0,32,15,0.049,0.02,0.4,0.003,6496,19,30
62,20220602,마천동,27.0,44.0,39.0,32,15,0.049,0.02,0.4,0.003,10460,26,30
63,20220602,문정동,26.0,50.0,83.0,32,15,0.049,0.02,0.4,0.003,14903,49,30
64,20220602,방이동,27.0,46.0,39.0,32,15,0.049,0.02,0.4,0.003,10897,26,30
65,20220602,삼전동,27.0,51.0,21.0,32,15,0.049,0.02,0.4,0.003,8043,5,30
66,20220602,오금동,28.0,45.0,40.0,32,15,0.049,0.02,0.4,0.003,11370,24,30
67,20220602,잠실동,27.0,49.0,19.0,32,15,0.049,0.02,0.4,0.003,47908,57,30
68,20220602,장지동,27.0,49.0,55.0,32,15,0.049,0.02,0.4,0.003,11589,31,30
69,20220704,자양동,33.0,54.0,5.0,41,31,0.031,0.013,0.3,0.003,27858,61,20
70,20220704,중곡동,33.0,53.0,11.0,41,31,0.031,0.013,0.3,0.003,20760,97,20
71,20220704,광장동,33.0,54.0,5.0,41,31,0.031,0.013,0.3,0.003,5411,36,20
72,20220712,자양동,31.0,61.0,35.0,11,4,0.027,0.01,0.2,0.003,27668,61,20
73,20220712,중곡동,30.0,61.0,32.0,11,4,0.027,0.01,0.2,0.003,20939,97,20
74,20220712,구의동,30.0,62.0,75.0,11,4,0.027,0.01,0.2,0.003,24508,74,20
75,20220714,자양동,31.0,61.0,9.0,18,9,0.03,0.017,0.4,0.002,27871,61,37
76,20220714,가락동,28.0,76.0,15.0,18,9,0.03,0.017,0.4,0.002,16067,41,37
77,20220714,거여동,30.0,74.0,22.0,18,9,0.03,0.017,0.4,0.002,6819,19,37
78,20220714,마천동,26.0,84.0,57.0,18,9,0.03,0.017,0.4,0.002,10995,26,37
79,20220714,문정동,31.0,80.0,81.0,18,9,0.03,0.017,0.4,0.002,15030,49,37
80,20220714,방이동,30.0,77.0,40.0,18,9,0.03,0.017,0.4,0.002,11785,26,37
81,20220714,삼전동,31.0,62.0,13.0,18,9,0.03,0.017,0.4,0.002,8661,5,37
82,20220714,오금동,28.0,77.0,20.0,18,9,0.03,0.017,0.4,0.002,12261,24,37
83,20220714,잠실동,31.0,64.0,13.0,18,9,0.03,0.017,0.4,0.002,51054,57,37
84,20220714,장지동,30.0,85.0,27.0,18,9,0.03,0.017,0.4,0.002,12362,31,37
85,20220720,자양동,32.0,53.0,23.0,35,22,0.051,0.012,0.5,0.003,27854,61,21
86,20220720,중곡동,33.0,53.0,22.0,35,22,0.051,0.012,0.5,0.003,20294,97,21
87,20220720,광장동,31.0,53.0,8.0,35,22,0.051,0.012,0.5,0.003,5735,36,21
88,20220720,구의동,32.0,52.0,18.0,35,22,0.051,0.012,0.5,0.003,24488,74,21
89,20220728,자양동,34.0,53.0,13.0,25,17,0.042,0.011,0.3,0.003,26958,61,37
90,20220728,가락동,33.0,52.0,9.0,25,17,0.042,0.011,0.3,0.003,14722,41,37
91,20220728,거여동,34.0,53.0,14.0,25,17,0.042,0.011,0.3,0.003,6459,19,37
92,20220728,마천동,31.0,55.0,18.0,25,17,0.042,0.011,0.3,0.003,10066,26,37
93,20220728,문정동,34.0,52.0,11.0,25,17,0.042,0.011,0.3,0.003,13876,49,37
94,20220728,방이동,35.0,52.0,14.0,25,17,0.042,0.011,0.3,0.003,11341,26,37
95,20220728,삼전동,34.0,53.0,15.0,25,17,0.042,0.011,0.3,0.003,7618,5,37
96,20220728,오금동,33.0,53.0,11.0,25,17,0.042,0.011,0.3,0.003,11303,24,37
97,20220728,잠실동,34.0,54.0,13.0,25,17,0.042,0.011,0.3,0.003,48271,57,37
98,20220728,장지동,33.0,55.0,17.0,25,17,0.042,0.011,0.3,0.003,10995,31,37
99,20220826,자양동,29.0,54.0,19.0,30,20,0.044,0.016,0.5,0.003,27859,61,25
100,20220826,중곡동,30.0,54.0,17.0,30,20,0.044,0.016,0.5,0.003,21682,97,25
101,20220826,광장동,27.0,61.0,16.0,30,20,0.044,0.016,0.5,0.003,5905,36,25
102,20220826,구의동,30.0,56.0,34.0,30,20,0.044,0.016,0.5,0.003,25116,74,25
103,20220919,자양동,28.0,52.0,19.0,18,7,0.031,0.009,0.3,0.002,27044,61,39
104,20220919,가락동,29.0,53.0,22.0,18,7,0.031,0.009,0.3,0.002,15407,41,39
105,20220919,거여동,30.0,53.0,19.0,18,7,0.031,0.009,0.3,0.002,6642,19,39
106,20220919,문정동,28.0,60.0,36.0,18,7,0.031,0.009,0.3,0.002,14812,49,39
107,20220919,방이동,29.0,52.0,19.0,18,7,0.031,0.009,0.3,0.002,10856,26,39
108,20220919,삼전동,28.0,52.0,21.0,18,7,0.031,0.009,0.3,0.002,7995,5,39
109,20220919,오금동,29.0,57.0,19.0,18,7,0.031,0.009,0.3,0.002,11489,24,39
110,20220919,잠실동,28.0,53.0,17.0,18,7,0.031,0.009,0.3,0.002,46088,57,39
111,20221115,자양동,12.0,60.0,4.0,28,16,0.015,0.026,0.7,0.002,26055,61,30
112,20221115,중곡동,13.0,61.0,6.0,28,16,0.015,0.026,0.7,0.002,19578,97,30
113,20221115,광장동,11.0,62.0,5.0,28,16,0.015,0.026,0.7,0.002,5713,36,30
114,20221116,자양동,14.0,41.0,26.0,27,16,0.01,0.026,0.8,0.002,26832,61,30
115,20221116,중곡동,15.0,40.0,11.0,27,16,0.01,0.026,0.8,0.002,20238,97,30
116,20221116,구의동,13.0,40.0,23.0,27,16,0.01,0.026,0.8,0.002,24128,74,30
117,20221205,자양동,0.0,31.0,37.0,21,10,0.021,0.021,0.3,0.003,26622,61,47
118,20221205,논현동,-2.0,33.0,41.0,21,10,0.021,0.021,0.3,0.003,34829,19,47
119,20221205,삼성동,-1.0,33.0,49.0,21,10,0.021,0.021,0.3,0.003,48078,95,47
120,20221205,자양동,2.0,25.0,42.0,22,10,0.017,0.024,0.4,0.003,26622,61,49
121,20221205,가락동,1.0,30.0,34.0,22,10,0.017,0.024,0.4,0.003,14876,41,49
122,20221205,거여동,0.0,29.0,57.0,22,10,0.017,0.024,0.4,0.003,6599,19,49
123,20221205,문정동,0.0,29.0,70.0,22,10,0.017,0.024,0.4,0.003,14654,49,49
124,20221205,방이동,2.0,28.0,52.0,22,10,0.017,0.024,0.4,0.003,10606,26,49
125,20221205,삼전동,2.0,27.0,38.0,22,10,0.017,0.024,0.4,0.003,7810,5,49
126,20221205,오금동,1.0,28.0,51.0,22,10,0.017,0.024,0.4,0.003,11253,24,49
127,20221205,잠실동,2.0,28.0,40.0,22,10,0.017,0.024,0.4,0.003,45752,57,49
128,20221214,자양동,-4.0,40.0,164.0,44,10,0.023,0.008,0.3,0.002,27450,61,35
129,20221214,광장동,-4.0,40.0,119.0,44,10,0.023,0.008,0.3,0.002,5612,36,35
130,20230130,자양동,1.0,45.0,76.0,41,16,0.021,0.021,0.4,0.003,26158,61,43
131,20230130,광장동,2.0,43.0,274.0,41,16,0.021,0.021,0.4,0.003,5262,36,43
132,20230131,자양동,5.0,53.0,111.0,36,16,0.017,0.035,0.5,0.003,26548,61,77
133,20230131,논현동,4.0,54.0,5.0,36,16,0.017,0.035,0.5,0.003,35881,19,77
134,20230131,삼성동,4.0,53.0,7.0,36,16,0.017,0.035,0.5,0.003,47516,95,77
135,20230227,자양동,10.0,39.0,63.0,48,29,0.017,0.046,0.6,0.004,25948,61,103
136,20230227,논현동,8.0,44.0,36.0,48,29,0.017,0.046,0.6,0.004,34638,19,103
137,20230227,삼성동,8.0,44.0,21.0,48,29,0.017,0.046,0.6,0.004,46461,95,103
138,20230228,자양동,7.0,62.0,4.0,36,24,0.019,0.032,0.6,0.003,26579,61,52
139,20230228,광장동,7.0,62.0,19.0,36,24,0.019,0.032,0.6,0.003,5563,36,52
140,20220209,연남동,5.0,38.0,213.0,31,22,0.011,0.053,0.7,0.003,6089,14,14
141,20220311,연남동,16.0,68.0,161.0,66,36,0.024,0.054,0.6,0.004,6037,14,14
142,20220318,연남동,11.0,61.0,211.0,7,2,0.036,0.013,0.3,0.002,6306,14,14
143,20220523,연남동,29.0,47.0,16.0,63,37,0.075,0.017,0.4,0.003,6587,14,15
144,20220523,신정동,27.0,51.0,19.0,63,37,0.075,0.017,0.4,0.003,56287,190,15
145,20220523,상암동,30.0,42.0,7.0,63,37,0.075,0.017,0.4,0.003,31893,94,15
146,20220523,공덕동,27.0,53.0,14.0,63,37,0.075,0.017,0.4,0.003,14968,42,15
147,20220523,대흥동,27.0,51.0,17.0,63,37,0.075,0.017,0.4,0.003,16917,41,15
148,20220523,망원동,28.0,48.0,12.0,63,37,0.075,0.017,0.4,0.003,10764,62,15
149,20220523,서교동,28.0,48.0,15.0,63,37,0.075,0.017,0.4,0.003,51816,94,15
150,20220523,아현동,27.0,52.0,23.0,63,37,0.075,0.017,0.4,0.003,12754,29,15
151,20220523,합정동,26.0,58.0,23.0,63,37,0.075,0.017,0.4,0.003,6425,22,15
152,20220617,연남동,29.0,74.0,14.0,31,18,0.036,0.025,0.4,0.003,7388,14,21
153,20220617,신정동,28.0,75.0,18.0,31,18,0.036,0.025,0.4,0.003,59866,190,21
154,20220617,상암동,29.0,74.0,11.0,31,18,0.036,0.025,0.4,0.003,32311,94,21
155,20220617,공덕동,27.0,77.0,7.0,31,18,0.036,0.025,0.4,0.003,15401,42,21
156,20220617,대흥동,26.0,85.0,13.0,31,18,0.036,0.025,0.4,0.003,17896,41,21
157,20220617,망원동,28.0,73.0,7.0,31,18,0.036,0.025,0.4,0.003,11928,62,21
158,20220617,서교동,28.0,73.0,8.0,31,18,0.036,0.025,0.4,0.003,56854,94,21
159,20220617,아현동,25.0,87.0,86.0,31,18,0.036,0.025,0.4,0.003,13331,29,21
160,20220617,합정동,26.0,94.0,25.0,31,18,0.036,0.025,0.4,0.003,7420,22,21
161,20220708,연남동,29.0,78.0,37.0,23,14,0.046,0.014,0.3,0.002,7689,14,28
162,20220708,신정동,27.0,78.0,40.0,23,14,0.046,0.014,0.3,0.002,62039,190,28
163,20220708,상암동,29.0,77.0,46.0,23,14,0.046,0.014,0.3,0.002,33969,94,28
164,20220708,공덕동,27.0,79.0,25.0,23,14,0.046,0.014,0.3,0.002,16026,42,28
165,20220708,대흥동,27.0,78.0,33.0,23,14,0.046,0.014,0.3,0.002,19322,41,28
166,20220708,망원동,29.0,74.0,24.0,23,14,0.046,0.014,0.3,0.002,12388,62,28
167,20220708,서교동,28.0,74.0,16.0,23,14,0.046,0.014,0.3,0.002,58726,94,28
168,20220708,아현동,28.0,76.0,35.0,23,14,0.046,0.014,0.3,0.002,13547,29,28
169,20220708,합정동,28.0,78.0,34.0,23,14,0.046,0.014,0.3,0.002,7718,22,28
170,20220907,연남동,29.0,44.0,22.0,27,14,0.039,0.024,0.4,0.003,7759,14,29
171,20220907,신정동,29.0,40.0,25.0,27,14,0.039,0.024,0.4,0.003,61454,190,29
172,20220907,상암동,30.0,44.0,16.0,27,14,0.039,0.024,0.4,0.003,35297,94,29
173,20220907,공덕동,29.0,37.0,27.0,27,14,0.039,0.024,0.4,0.003,16840,42,29
174,20220907,대흥동,29.0,36.0,18.0,27,14,0.039,0.024,0.4,0.003,20686,41,29
175,20220907,망원동,29.0,42.0,26.0,27,14,0.039,0.024,0.4,0.003,12461,62,29
176,20220907,서교동,29.0,41.0,21.0,27,14,0.039,0.024,0.4,0.003,59146,94,29
177,20220907,아현동,29.0,43.0,12.0,27,14,0.039,0.024,0.4,0.003,14151,29,29
178,20220907,합정동,28.0,51.0,20.0,27,14,0.039,0.024,0.4,0.003,7411,22,29
179,20221007,연남동,18.0,82.0,13.0,11,5,0.021,0.013,0.3,0.003,7520,14,30
180,20221007,신정동,18.0,83.0,7.0,11,5,0.021,0.013,0.3,0.003,60021,190,30
181,20221007,상암동,20.0,73.0,6.0,11,5,0.021,0.013,0.3,0.003,33496,94,30
182,20221007,공덕동,18.0,84.0,10.0,11,5,0.021,0.013,0.3,0.003,15758,42,30
183,20221007,대흥동,18.0,83.0,7.0,11,5,0.021,0.013,0.3,0.003,19665,41,30
184,20221007,망원동,18.0,81.0,7.0,11,5,0.021,0.013,0.3,0.003,12123,62,30
185,20221007,서교동,18.0,81.0,7.0,11,5,0.021,0.013,0.3,0.003,59369,94,30
186,20221007,아현동,17.0,84.0,11.0,11,5,0.021,0.013,0.3,0.003,13760,29,30
187,20221007,합정동,17.0,87.0,13.0,11,5,0.021,0.013,0.3,0.003,7207,22,30
188,20221024,연남동,15.0,39.0,14.0,25,12,0.024,0.017,0.4,0.003,6630,14,30
189,20221024,신정동,15.0,40.0,8.0,25,12,0.024,0.017,0.4,0.003,56777,190,30
190,20221024,상암동,16.0,38.0,8.0,25,12,0.024,0.017,0.4,0.003,33134,94,30
191,20221024,공덕동,14.0,46.0,9.0,25,12,0.024,0.017,0.4,0.003,14902,42,30
192,20221024,대흥동,14.0,55.0,5.0,25,12,0.024,0.017,0.4,0.003,17641,41,30
193,20221024,망원동,15.0,39.0,7.0,25,12,0.024,0.017,0.4,0.003,10494,62,30
194,20221024,서교동,15.0,40.0,7.0,25,12,0.024,0.017,0.4,0.003,51568,94,30
195,20221024,아현동,14.0,59.0,10.0,25,12,0.024,0.017,0.4,0.003,12875,29,30
196,20221024,합정동,13.0,67.0,16.0,25,12,0.024,0.017,0.4,0.003,6197,22,30
197,20230120,연남동,-3.0,34.0,264.0,59,19,0.022,0.017,0.4,0.003,6692,14,46
198,20230131,연남동,3.0,53.0,3.0,32,15,0.014,0.034,0.6,0.003,6600,14,48
199,20230208,연남동,5.0,44.0,18.0,63,50,0.02,0.031,0.7,0.004,6998,14,52
200,20220209,남가좌동,6.0,33.0,49.0,34,24,0.015,0.041,0.8,0.006,19893,26,23
201,20220209,홍은동,5.0,32.0,31.0,34,24,0.015,0.041,0.8,0.006,25556,104,23
202,20220311,남가좌동,14.0,65.0,4.0,65,39,0.038,0.037,0.8,0.005,20290,26,23
203,20220311,홍은동,14.0,62.0,17.0,65,39,0.038,0.037,0.8,0.005,26406,104,23
204,20220318,남가좌동,10.0,61.0,33.0,5,1,0.041,0.008,0.3,0.001,19627,26,23
205,20220318,홍은동,10.0,61.0,48.0,5,1,0.041,0.008,0.3,0.001,25942,104,23
206,20220504,남가좌동,25.0,33.0,14.0,37,16,0.056,0.021,0.6,0.004,25930,26,24
207,20220504,홍은동,25.0,32.0,27.0,37,16,0.056,0.021,0.6,0.004,32234,104,24
208,20220504,북가좌동,25.0,33.0,21.0,37,16,0.056,0.021,0.6,0.004,18973,48,24
209,20220504,홍제동,24.0,32.0,7.0,37,16,0.056,0.021,0.6,0.004,37478,94,24
210,20220531,남가좌동,27.0,26.0,14.0,26,6,0.038,0.016,0.3,0.004,25244,26,27
211,20220531,홍은동,28.0,32.0,38.0,26,6,0.038,0.016,0.3,0.004,33071,104,27
212,20220531,북가좌동,27.0,27.0,25.0,26,6,0.038,0.016,0.3,0.004,18905,48,27
213,20220531,홍제동,26.0,34.0,13.0,26,6,0.038,0.016,0.3,0.004,37077,94,27
214,20220712,남가좌동,30.0,62.0,9.0,9,3,0.03,0.011,0.3,0.002,23189,26,29
215,20220712,홍은동,31.0,63.0,10.0,9,3,0.03,0.011,0.3,0.002,30070,104,29
216,20220712,북가좌동,31.0,62.0,10.0,9,3,0.03,0.011,0.3,0.002,18823,48,29
217,20220712,홍제동,29.0,64.0,6.0,9,3,0.03,0.011,0.3,0.002,35844,94,29
218,20220826,남가좌동,29.0,60.0,6.0,30,19,0.05,0.011,0.5,0.003,23494,26,32
219,20220826,홍은동,29.0,63.0,33.0,30,19,0.05,0.011,0.5,0.003,30365,104,32
220,20220826,북가좌동,29.0,62.0,9.0,30,19,0.05,0.011,0.5,0.003,18997,48,32
221,20220826,홍제동,29.0,59.0,3.0,30,19,0.05,0.011,0.5,0.003,36034,94,32
222,20221007,남가좌동,18.0,60.0,7.0,10,3,0.016,0.007,0.2,0.003,25645,26,34
223,20221007,홍은동,19.0,61.0,22.0,10,3,0.016,0.007,0.2,0.003,33271,104,34
224,20221007,북가좌동,19.0,58.0,17.0,10,3,0.016,0.007,0.2,0.003,19094,48,34
225,20221007,홍제동,18.0,63.0,7.0,10,3,0.016,0.007,0.2,0.003,37775,94,34
226,20221031,남가좌동,19.0,48.0,11.0,21,10,0.027,0.017,0.5,0.004,25095,26,34
227,20221031,홍은동,20.0,49.0,23.0,21,10,0.027,0.017,0.5,0.004,31225,104,34
228,20221031,북가좌동,20.0,50.0,26.0,21,10,0.027,0.017,0.5,0.004,17795,48,34
229,20221031,홍제동,19.0,52.0,7.0,21,10,0.027,0.017,0.5,0.004,35770,94,34
230,20221205,남가좌동,0.0,27.0,26.0,20,10,0.019,0.019,0.8,0.004,25063,26,41
231,20221205,홍은동,0.0,29.0,23.0,20,10,0.019,0.019,0.8,0.004,31086,104,41
232,20230131,남가좌동,7.0,51.0,9.0,37,13,0.017,0.031,0.5,0.004,21936,26,62
233,20230131,홍은동,4.0,50.0,1.0,37,13,0.017,0.031,0.5,0.004,27043,104,62
234,20230208,남가좌동,7.0,36.0,37.0,64,47,0.025,0.027,0.8,0.004,22696,26,63
235,20230208,홍은동,7.0,31.0,45.0,64,47,0.025,0.027,0.8,0.004,29130,104,63
236,20220209,역촌동,6.0,32.0,69.0,32,22,0.015,0.037,0.7,0.003,13489,30,1
237,20220209,진관동,6.0,32.0,47.0,32,22,0.015,0.037,0.7,0.003,20709,82,1
238,20220311,역촌동,18.0,53.0,70.0,73,42,0.036,0.036,0.7,0.002,13398,30,1
239,20220311,진관동,18.0,55.0,31.0,73,42,0.036,0.036,0.7,0.002,20762,82,1
240,20220502,역촌동,19.0,36.0,37.0,52,25,0.038,0.016,0.4,0.003,14512,30,5
241,20220502,진관동,18.0,36.0,48.0,52,25,0.038,0.016,0.4,0.003,23244,82,5
242,20220502,녹번동,19.0,26.0,20.0,52,25,0.038,0.016,0.4,0.003,13872,17,5
243,20220502,수색동,17.0,44.0,40.0,52,25,0.038,0.016,0.4,0.003,8026,17,5
244,20220502,신사동,18.0,28.0,29.0,52,25,0.038,0.016,0.4,0.003,35777,147,5
245,20220502,응암동,19.0,30.0,58.0,52,25,0.038,0.016,0.4,0.003,37294,103,5
246,20220526,역촌동,23.0,51.0,48.0,29,11,0.04,0.013,0.3,0.002,15108,30,6
247,20220526,진관동,22.0,50.0,33.0,29,11,0.04,0.013,0.3,0.002,24406,82,6
248,20220526,녹번동,22.0,41.0,27.0,29,11,0.04,0.013,0.3,0.002,14622,17,6
249,20220526,수색동,21.0,53.0,29.0,29,11,0.04,0.013,0.3,0.002,8248,17,6
250,20220526,신사동,23.0,41.0,22.0,29,11,0.04,0.013,0.3,0.002,37189,147,6
251,20220526,응암동,23.0,42.0,35.0,29,11,0.04,0.013,0.3,0.002,38710,103,6
252,20220704,역촌동,31.0,68.0,10.0,33,27,0.021,0.011,0.3,0.002,15489,30,15
253,20220704,진관동,33.0,71.0,16.0,33,27,0.021,0.011,0.3,0.002,24724,82,15
254,20220704,녹번동,32.0,61.0,1.0,33,27,0.021,0.011,0.3,0.002,14146,17,15
255,20220704,수색동,32.0,67.0,10.0,33,27,0.021,0.011,0.3,0.002,7910,17,15
256,20220704,신사동,32.0,61.0,1.0,33,27,0.021,0.011,0.3,0.002,37722,147,15
257,20220704,응암동,32.0,69.0,5.0,33,27,0.021,0.011,0.3,0.002,38586,103,15
258,20220803,역촌동,32.0,78.0,26.0,23,17,0.031,0.009,0.3,0.002,13719,30,20
259,20220803,진관동,31.0,77.0,12.0,23,17,0.031,0.009,0.3,0.002,21123,82,20
260,20220803,녹번동,31.0,76.0,7.0,23,17,0.031,0.009,0.3,0.002,12060,17,20
261,20220803,수색동,30.0,85.0,75.0,23,17,0.031,0.009,0.3,0.002,6819,17,20
262,20220803,신사동,30.0,77.0,12.0,23,17,0.031,0.009,0.3,0.002,34384,147,20
263,20220803,응암동,32.0,75.0,9.0,23,17,0.031,0.009,0.3,0.002,34341,103,20
264,20220916,역촌동,30.0,65.0,32.0,20,13,0.023,0.012,0.3,0.002,15940,30,24
265,20220916,진관동,30.0,67.0,13.0,20,13,0.023,0.012,0.3,0.002,25110,82,24
266,20220916,녹번동,30.0,61.0,12.0,20,13,0.023,0.012,0.3,0.002,15275,17,24
267,20220916,수색동,28.0,65.0,14.0,20,13,0.023,0.012,0.3,0.002,7921,17,24
268,20220916,신사동,31.0,60.0,11.0,20,13,0.023,0.012,0.3,0.002,39525,147,24
269,20220916,응암동,30.0,64.0,13.0,20,13,0.023,0.012,0.3,0.002,40492,103,24
270,20221021,역촌동,20.0,58.0,45.0,49,32,0.031,0.027,0.4,0.003,15308,30,25
271,20221021,진관동,18.0,53.0,16.0,49,32,0.031,0.027,0.4,0.003,25672,82,25
272,20221021,녹번동,18.0,43.0,3.0,49,32,0.031,0.027,0.4,0.003,14478,17,25
273,20221021,수색동,17.0,61.0,10.0,49,32,0.031,0.027,0.4,0.003,8188,17,25
274,20221021,신사동,18.0,45.0,5.0,49,32,0.031,0.027,0.4,0.003,37989,147,25
275,20221021,응암동,20.0,43.0,7.0,49,32,0.031,0.027,0.4,0.003,39019,103,25
276,20221125,역촌동,17.0,59.0,12.0,61,37,0.026,0.024,0.5,0.003,15136,30,32
277,20221125,진관동,15.0,61.0,15.0,61,37,0.026,0.024,0.5,0.003,24442,82,32
278,20221125,녹번동,16.0,54.0,18.0,61,37,0.026,0.024,0.5,0.003,14157,17,32
279,20221125,수색동,14.0,60.0,12.0,61,37,0.026,0.024,0.5,0.003,8258,17,32
280,20221125,신사동,16.0,54.0,7.0,61,37,0.026,0.024,0.5,0.003,37160,147,32
281,20221125,응암동,17.0,55.0,21.0,61,37,0.026,0.024,0.5,0.003,39040,103,32
282,20221205,역촌동,-1.0,31.0,44.0,20,7,0.02,0.015,0.5,0.003,14695,30,36
283,20221205,진관동,0.0,30.0,31.0,20,7,0.02,0.015,0.5,0.003,23179,82,36
284,20230131,역촌동,4.0,51.0,8.0,34,10,0.022,0.026,0.7,0.003,14228,30,47
285,20230131,진관동,4.0,51.0,1.0,34,10,0.022,0.026,0.7,0.003,21901,82,47
286,20230207,역촌동,9.0,66.0,13.0,66,49,0.021,0.038,0.6,0.002,15086,30,51
287,20230207,진관동,8.0,61.0,11.0,66,49,0.021,0.038,0.6,0.002,22884,82,51
288,20230207,녹번동,8.0,57.0,11.0,66,49,0.021,0.038,0.6,0.002,13229,17,51
289,20230207,수색동,6.0,71.0,6.0,66,49,0.021,0.038,0.6,0.002,7772,17,51
290,20230207,신사동,8.0,58.0,11.0,66,49,0.021,0.038,0.6,0.002,34883,147,51
291,20230207,응암동,9.0,58.0,15.0,66,49,0.021,0.038,0.6,0.002,37473,103,51
292,20230208,역촌동,8.0,33.0,47.0,59,43,0.025,0.025,0.5,0.002,15416,30,52
293,20230208,진관동,7.0,32.0,49.0,59,43,0.025,0.025,0.5,0.002,23056,82,52
294,20220210,구로동,8.0,39.0,27.0,48,33,0.023,0.037,0.5,0.004,67878,183,9
295,20220210,신도림동,8.0,40.0,16.0,48,33,0.023,0.037,0.5,0.004,16036,45,9
296,20220308,구로동,11.0,52.0,62.0,52,24,0.02,0.039,0.5,0.004,68790,183,12
297,20220308,신도림동,12.0,51.0,68.0,52,24,0.02,0.039,0.5,0.004,16268,45,12
298,20220317,구로동,12.0,66.0,31.0,55,28,0.025,0.022,0.4,0.003,64976,183,12
299,20220317,신도림동,13.0,65.0,59.0,55,28,0.025,0.022,0.4,0.003,15471,45,12
300,20220503,구로동,21.0,21.0,9.0,33,19,0.044,0.026,0.4,0.004,74527,183,15
301,20220503,독산동,21.0,27.0,54.0,33,19,0.044,0.026,0.4,0.004,55017,116,15
302,20220503,신림동,20.0,26.0,28.0,33,19,0.044,0.026,0.4,0.004,23885,17,15
303,20220503,가산동,21.0,23.0,35.0,33,19,0.044,0.026,0.4,0.004,35602,135,15
304,20220503,시흥동,21.0,28.0,131.0,33,19,0.044,0.026,0.4,0.004,52456,141,15
305,20220512,구로동,27.0,41.0,14.0,38,14,0.043,0.019,0.4,0.002,74766,183,18
306,20220512,신도림동,25.0,42.0,17.0,38,14,0.043,0.019,0.4,0.002,19097,45,18
307,20220512,가리봉동,26.0,37.0,10.0,38,14,0.043,0.019,0.4,0.002,6778,4,18
308,20220512,개봉동,25.0,43.0,15.0,38,14,0.043,0.019,0.4,0.002,36045,120,18
309,20220512,고척동,23.0,49.0,30.0,38,14,0.043,0.019,0.4,0.002,23984,70,18
310,20220512,오류동,23.0,47.0,14.0,38,14,0.043,0.019,0.4,0.002,22024,125,18
311,20220513,구로동,25.0,34.0,14.0,39,12,0.037,0.015,0.3,0.002,75940,183,18
312,20220513,신도림동,25.0,31.0,13.0,39,12,0.037,0.015,0.3,0.002,19962,45,18
313,20220513,가리봉동,24.0,34.0,51.0,39,12,0.037,0.015,0.3,0.002,6995,4,18
314,20220513,대림동,24.0,36.0,20.0,39,12,0.037,0.015,0.3,0.002,17200,75,18
315,20220530,구로동,25.0,57.0,6.0,25,15,0.039,0.02,0.4,0.003,74280,183,16
316,20220530,독산동,25.0,66.0,38.0,25,15,0.039,0.02,0.4,0.003,54784,116,16
317,20220530,신림동,24.0,66.0,24.0,25,15,0.039,0.02,0.4,0.003,21803,17,16
318,20220530,가산동,25.0,66.0,20.0,25,15,0.039,0.02,0.4,0.003,35697,135,16
319,20220530,시흥동,24.0,65.0,82.0,25,15,0.039,0.02,0.4,0.003,52235,141,16
320,20220602,구로동,26.0,55.0,9.0,32,13,0.053,0.011,0.3,0.002,74536,183,22
321,20220602,신도림동,26.0,55.0,8.0,32,13,0.053,0.011,0.3,0.002,19230,45,22
322,20220602,가리봉동,26.0,54.0,13.0,32,13,0.053,0.011,0.3,0.002,6926,4,22
323,20220602,개봉동,24.0,56.0,8.0,32,13,0.053,0.011,0.3,0.002,35941,120,22
324,20220602,고척동,25.0,56.0,10.0,32,13,0.053,0.011,0.3,0.002,24371,70,22
325,20220602,오류동,24.0,58.0,7.0,32,13,0.053,0.011,0.3,0.002,22292,125,22
326,20220602,대림동,26.0,50.0,12.0,32,13,0.053,0.011,0.3,0.002,17071,75,22
327,20220705,구로동,33.0,66.0,89.0,40,27,0.04,0.023,0.4,0.003,80230,183,30
328,20220705,신도림동,32.0,68.0,57.0,40,27,0.04,0.023,0.4,0.003,19129,45,30
329,20220705,가리봉동,33.0,65.0,54.0,40,27,0.04,0.023,0.4,0.003,7296,4,30
330,20220705,개봉동,32.0,66.0,49.0,40,27,0.04,0.023,0.4,0.003,37467,120,30
331,20220705,고척동,31.0,71.0,36.0,40,27,0.04,0.023,0.4,0.003,23633,70,30
332,20220705,오류동,31.0,70.0,29.0,40,27,0.04,0.023,0.4,0.003,23264,125,30
333,20220705,대림동,33.0,66.0,48.0,40,27,0.04,0.023,0.4,0.003,18680,75,30
334,20220705,구로동,34.0,60.0,7.0,41,29,0.03,0.027,0.4,0.004,80230,183,19
335,20220705,독산동,33.0,66.0,6.0,41,29,0.03,0.027,0.4,0.004,58608,116,19
336,20220705,가산동,32.0,65.0,11.0,41,29,0.03,0.027,0.4,0.004,39594,135,19
337,20220705,시흥동,33.0,65.0,24.0,41,29,0.03,0.027,0.4,0.004,55242,141,19
338,20220804,구로동,34.0,60.0,34.0,13,8,0.02,0.01,0.2,0.002,74025,183,20
339,20220804,독산동,34.0,62.0,42.0,13,8,0.02,0.01,0.2,0.002,54173,116,20
340,20220804,신림동,34.0,60.0,41.0,13,8,0.02,0.01,0.2,0.002,21888,17,20
341,20220804,가산동,33.0,63.0,12.0,13,8,0.02,0.01,0.2,0.002,36394,135,20
342,20220804,시흥동,33.0,64.0,13.0,13,8,0.02,0.01,0.2,0.002,49483,141,20
343,20220908,구로동,30.0,50.0,27.0,33,12,0.035,0.023,0.4,0.003,80786,183,33
344,20220908,신도림동,30.0,50.0,34.0,33,12,0.035,0.023,0.4,0.003,19414,45,33
345,20220908,가리봉동,28.0,50.0,20.0,33,12,0.035,0.023,0.4,0.003,7894,4,33
346,20220908,개봉동,27.0,51.0,43.0,33,12,0.035,0.023,0.4,0.003,38161,120,33
347,20220908,고척동,25.0,60.0,14.0,33,12,0.035,0.023,0.4,0.003,26701,70,33
348,20220908,오류동,26.0,52.0,5.0,33,12,0.035,0.023,0.4,0.003,23741,125,33
349,20220908,대림동,29.0,49.0,32.0,33,12,0.035,0.023,0.4,0.003,20393,75,33
350,20220915,구로동,28.0,53.0,8.0,16,8,0.036,0.008,0.2,0.002,76356,183,24
351,20220915,독산동,29.0,57.0,23.0,16,8,0.036,0.008,0.2,0.002,57056,116,24
352,20220915,신림동,29.0,55.0,31.0,16,8,0.036,0.008,0.2,0.002,22400,17,24
353,20220915,가산동,28.0,56.0,150.0,16,8,0.036,0.008,0.2,0.002,37125,135,24
354,20220915,시흥동,29.0,57.0,30.0,16,8,0.036,0.008,0.2,0.002,54100,141,24
355,20221011,구로동,16.0,57.0,40.0,21,8,0.023,0.012,0.3,0.002,75872,183,37
356,20221011,신도림동,16.0,60.0,47.0,21,8,0.023,0.012,0.3,0.002,18431,45,37
357,20221011,가리봉동,15.0,56.0,78.0,21,8,0.023,0.012,0.3,0.002,7347,4,37
358,20221011,개봉동,14.0,59.0,16.0,21,8,0.023,0.012,0.3,0.002,36019,120,37
359,20221011,고척동,12.0,65.0,1.0,21,8,0.023,0.012,0.3,0.002,24281,70,37
360,20221011,오류동,13.0,61.0,6.0,21,8,0.023,0.012,0.3,0.002,22756,125,37
361,20221011,대림동,15.0,55.0,78.0,21,8,0.023,0.012,0.3,0.002,17744,75,37
362,20221018,구로동,13.0,34.0,8.0,21,12,0.02,0.014,0.4,0.003,75694,183,25
363,20221018,독산동,15.0,34.0,16.0,21,12,0.02,0.014,0.4,0.003,55955,116,25
364,20221018,신림동,14.0,35.0,809.0,21,12,0.02,0.014,0.4,0.003,21661,17,25
365,20221018,가산동,13.0,36.0,89.0,21,12,0.02,0.014,0.4,0.003,37341,135,25
366,20221018,시흥동,14.0,35.0,19.0,21,12,0.02,0.014,0.4,0.003,52838,141,25
367,20221114,구로동,15.0,68.0,25.0,25,15,0.014,0.018,0.4,0.003,72626,183,37
368,20221114,신도림동,14.0,74.0,33.0,25,15,0.014,0.018,0.4,0.003,17462,45,37
369,20221114,가리봉동,15.0,61.0,45.0,25,15,0.014,0.018,0.4,0.003,7152,4,37
370,20221114,개봉동,14.0,72.0,69.0,25,15,0.014,0.018,0.4,0.003,34438,120,37
371,20221114,고척동,13.0,79.0,24.0,25,15,0.014,0.018,0.4,0.003,23161,70,37
372,20221114,오류동,12.0,78.0,23.0,25,15,0.014,0.018,0.4,0.003,21255,125,37
373,20221114,대림동,14.0,59.0,22.0,25,15,0.014,0.018,0.4,0.003,17567,75,37
374,20221122,구로동,15.0,51.0,2.0,58,39,0.009,0.03,0.7,0.003,73742,183,32
375,20221122,독산동,15.0,52.0,10.0,58,39,0.009,0.03,0.7,0.003,55310,116,32
376,20221122,신림동,15.0,55.0,10.0,58,39,0.009,0.03,0.7,0.003,21525,17,32
377,20221122,가산동,15.0,53.0,24.0,58,39,0.009,0.03,0.7,0.003,36753,135,32
378,20221122,시흥동,15.0,53.0,61.0,58,39,0.009,0.03,0.7,0.003,51718,141,32
379,20221130,구로동,-3.0,39.0,49.0,29,2,0.022,0.007,0.2,0.003,77987,183,38
380,20221130,신도림동,-2.0,38.0,31.0,29,2,0.022,0.007,0.2,0.003,20601,45,38
381,20221130,가리봉동,-3.0,39.0,143.0,29,2,0.022,0.007,0.2,0.003,7451,4,38
382,20221130,개봉동,-4.0,41.0,44.0,29,2,0.022,0.007,0.2,0.003,36114,120,38
383,20221130,고척동,-4.0,43.0,33.0,29,2,0.022,0.007,0.2,0.003,27951,70,38
384,20221130,오류동,-4.0,41.0,11.0,29,2,0.022,0.007,0.2,0.003,22793,125,38
385,20221130,대림동,-3.0,37.0,27.0,29,2,0.022,0.007,0.2,0.003,18176,75,38
386,20221219,구로동,-3.0,42.0,146.0,21,8,0.012,0.025,0.3,0.003,74643,183,45
387,20221219,신도림동,-3.0,41.0,152.0,21,8,0.012,0.025,0.3,0.003,18890,45,45
388,20230207,구로동,4.0,89.0,1.0,86,63,0.012,0.043,0.7,0.003,73305,183,57
389,20230207,신도림동,5.0,88.0,6.0,86,63,0.012,0.043,0.7,0.003,18618,45,57
390,20230228,구로동,7.0,90.0,7.0,42,26,0.018,0.034,0.5,0.004,74678,183,61
391,20230228,신도림동,7.0,90.0,11.0,42,26,0.018,0.034,0.5,0.004,18803,45,61
392,20220210,독산동,8.0,40.0,15.0,47,33,0.021,0.047,0.7,0.004,50139,116,10
393,20220210,신림동,8.0,41.0,9.0,47,33,0.021,0.047,0.7,0.004,22117,17,10
394,20220311,독산동,11.0,59.0,22.0,68,39,0.02,0.06,0.7,0.005,49676,116,10
395,20220311,신림동,13.0,55.0,94.0,68,39,0.02,0.06,0.7,0.005,21444,17,10
396,20220321,독산동,10.0,34.0,17.0,25,15,0.025,0.027,0.4,0.003,48415,116,14
397,20220321,신림동,9.0,44.0,54.0,25,15,0.025,0.027,0.4,0.003,20633,17,14
398,20220214,신림동,9.0,44.0,38.0,42,30,0.021,0.038,0.7,0.003,21965,17,13
399,20220311,신림동,17.0,63.0,13.0,69,36,0.023,0.059,0.8,0.004,21444,17,13
400,20220322,신림동,11.0,53.0,40.0,36,24,0.04,0.023,0.5,0.003,20760,17,13
401,20220520,신림동,25.0,54.0,28.0,35,21,0.054,0.016,0.4,0.004,24804,17,18
402,20220520,남현동,26.0,39.0,2.0,35,21,0.054,0.016,0.4,0.004,9008,6,18
403,20220613,신림동,30.0,77.0,22.0,28,17,0.041,0.012,0.4,0.002,21590,17,18
404,20220613,남현동,30.0,60.0,13.0,28,17,0.041,0.012,0.4,0.002,8746,6,18
405,20220706,신림동,34.0,61.0,13.0,37,27,0.037,0.018,0.4,0.003,24043,17,19
406,20220711,신림동,31.0,76.0,31.0,30,18,0.045,0.015,0.4,0.003,21984,17,23
407,20220711,남현동,28.0,82.0,17.0,30,18,0.045,0.015,0.4,0.003,7652,6,23
408,20220819,신림동,29.0,77.0,15.0,27,13,0.027,0.014,0.4,0.003,22066,17,24
409,20220819,남현동,29.0,75.0,3.0,27,13,0.027,0.014,0.4,0.003,8372,6,24
410,20221004,신림동,21.0,76.0,44.0,15,7,0.02,0.01,0.4,0.003,21865,17,28
411,20221004,남현동,21.0,68.0,8.0,15,7,0.02,0.01,0.4,0.003,8381,6,28
412,20221020,신림동,18.0,54.0,15.0,38,17,0.019,0.036,0.6,0.003,22277,17,29
413,20221020,남현동,19.0,34.0,5.0,38,17,0.019,0.036,0.6,0.003,8617,6,29
414,20221124,신림동,14.0,59.0,41.0,58,30,0.012,0.04,0.7,0.004,21923,17,33
415,20221124,남현동,14.0,55.0,8.0,58,30,0.012,0.04,0.7,0.004,8179,6,33
416,20221201,신림동,-1.0,43.0,102.0,19,10,0.02,0.023,0.6,0.004,21705,17,34
417,20221201,시흥동,-3.0,30.0,25.0,19,10,0.02,0.023,0.6,0.004,50638,141,34
418,20221219,신림동,-4.0,47.0,227.0,23,12,0.013,0.03,0.5,0.003,21660,17,41
419,20230207,신림동,7.0,70.0,15.0,87,59,0.012,0.056,1.0,0.003,21624,17,51
420,20230207,신림동,7.0,73.0,27.0,83,68,0.011,0.051,0.9,0.003,21624,17,46
421,20230207,시흥동,7.0,71.0,22.0,83,68,0.011,0.051,0.9,0.003,50366,141,46
422,20230228,신림동,6.0,91.0,12.0,34,26,0.025,0.034,0.5,0.004,21966,17,47
423,20230228,시흥동,6.0,91.0,16.0,34,26,0.025,0.034,0.5,0.004,51263,141,47
424,20230302,신림동,5.0,25.0,63.0,48,9,0.028,0.015,0.4,0.003,22283,17,61
425,20220210,양평동,7.0,38.0,4.0,47,34,0.018,0.036,0.6,0.003,14801,38,9
426,20220311,양평동,11.0,59.0,4.0,69,40,0.022,0.055,0.7,0.004,14561,38,11
427,20220321,양평동,7.0,50.0,16.0,27,16,0.025,0.027,0.5,0.003,14280,38,11
428,20220519,양평동,24.0,52.0,15.0,40,21,0.066,0.014,0.4,0.003,16732,38,14
429,20220519,대림동,24.0,53.0,159.0,40,21,0.066,0.014,0.4,0.003,16913,75,14
430,20220519,당산동,24.0,52.0,27.0,40,21,0.066,0.014,0.4,0.003,28909,66,14
431,20220519,문래동,24.0,55.0,32.0,40,21,0.066,0.014,0.4,0.003,13459,54,14
432,20220519,신길동,24.0,52.0,182.0,40,21,0.066,0.014,0.4,0.003,41094,173,14
433,20220519,영등포동,24.0,55.0,107.0,40,21,0.066,0.014,0.4,0.003,37878,53,14
434,20220614,양평동,28.0,46.0,14.0,16,7,0.031,0.009,0.3,0.002,17163,38,16
435,20220614,대림동,27.0,42.0,45.0,16,7,0.031,0.009,0.3,0.002,17516,75,16
436,20220614,당산동,28.0,46.0,41.0,16,7,0.031,0.009,0.3,0.002,28749,66,16
437,20220614,문래동,27.0,40.0,28.0,16,7,0.031,0.009,0.3,0.002,13425,54,16
438,20220614,신길동,26.0,43.0,134.0,16,7,0.031,0.009,0.3,0.002,40139,173,16
439,20220614,영등포동,27.0,39.0,14.0,16,7,0.031,0.009,0.3,0.002,37225,53,16
440,20220715,양평동,30.0,96.0,13.0,23,13,0.036,0.016,0.4,0.003,17490,38,22
441,20220715,대림동,30.0,90.0,12.0,23,13,0.036,0.016,0.4,0.003,18492,75,22
442,20220715,당산동,29.0,98.0,19.0,23,13,0.036,0.016,0.4,0.003,30167,66,22
443,20220715,문래동,29.0,85.0,10.0,23,13,0.036,0.016,0.4,0.003,14536,54,22
444,20220715,신길동,28.0,92.0,33.0,23,13,0.036,0.016,0.4,0.003,42951,173,22
445,20220715,영등포동,31.0,74.0,4.0,23,13,0.036,0.016,0.4,0.003,43716,53,22
446,20220818,양평동,31.0,90.0,7.0,24,15,0.046,0.015,0.4,0.003,16632,38,23
447,20220818,대림동,30.0,82.0,13.0,24,15,0.046,0.015,0.4,0.003,17981,75,23
448,20220818,당산동,30.0,85.0,10.0,24,15,0.046,0.015,0.4,0.003,28865,66,23
449,20220818,문래동,29.0,82.0,9.0,24,15,0.046,0.015,0.4,0.003,14023,54,23
450,20220818,신길동,29.0,82.0,17.0,24,15,0.046,0.015,0.4,0.003,40254,173,23
451,20220818,영등포동,30.0,74.0,7.0,24,15,0.046,0.015,0.4,0.003,38894,53,23
452,20221004,양평동,21.0,100.0,34.0,16,5,0.02,0.01,0.4,0.002,16700,38,29
453,20221004,대림동,19.0,98.0,31.0,16,5,0.02,0.01,0.4,0.002,18263,75,29
454,20221004,당산동,20.0,100.0,30.0,16,5,0.02,0.01,0.4,0.002,29117,66,29
455,20221004,문래동,19.0,95.0,15.0,16,5,0.02,0.01,0.4,0.002,13516,54,29
456,20221004,신길동,19.0,97.0,132.0,16,5,0.02,0.01,0.4,0.002,40949,173,29
457,20221004,영등포동,21.0,89.0,12.0,16,5,0.02,0.01,0.4,0.002,37683,53,29
458,20221114,양평동,14.0,100.0,16.0,24,13,0.013,0.023,0.6,0.003,16001,38,32
459,20221114,대림동,14.0,96.0,16.0,24,13,0.013,0.023,0.6,0.003,17567,75,32
460,20221114,당산동,14.0,100.0,99.0,24,13,0.013,0.023,0.6,0.003,27714,66,32
461,20221114,문래동,13.0,95.0,8.0,24,13,0.013,0.023,0.6,0.003,12651,54,32
462,20221114,신길동,14.0,98.0,92.0,24,13,0.013,0.023,0.6,0.003,39399,173,32
463,20221114,영등포동,15.0,69.0,13.0,24,13,0.013,0.023,0.6,0.003,35437,53,32
464,20221212,양평동,6.0,57.0,11.0,32,19,0.006,0.043,0.7,0.004,10793,38,37
465,20221212,대림동,5.0,53.0,22.0,32,19,0.006,0.043,0.7,0.004,14426,75,37
466,20221212,당산동,6.0,55.0,25.0,32,19,0.006,0.043,0.7,0.004,19835,66,37
467,20221212,문래동,5.0,55.0,24.0,32,19,0.006,0.043,0.7,0.004,7513,54,37
468,20221212,신길동,5.0,52.0,42.0,32,19,0.006,0.043,0.7,0.004,30195,173,37
469,20221212,영등포동,7.0,58.0,11.0,32,19,0.006,0.043,0.7,0.004,39338,53,37
470,20230106,양평동,4.0,54.0,9.0,82,68,0.01,0.055,1.0,0.004,16182,38,47
471,20230213,양평동,8.0,60.0,4.0,36,25,0.022,0.031,0.3,0.003,15342,38,68
472,20230302,양평동,3.0,27.0,76.0,47,9,0.032,0.015,0.5,0.003,16284,38,77
473,20230313,양평동,7.0,25.0,11.0,28,6,0.032,0.015,0.3,0.003,16081,38,77
474,20220214,개포동,9.0,42.0,34.0,40,28,0.021,0.034,0.6,0.004,15702,25,12
475,20220214,역삼동,9.0,42.0,40.0,40,28,0.021,0.034,0.6,0.004,57042,18,12
476,20220214,청담동,10.0,42.0,67.0,40,28,0.021,0.034,0.6,0.004,18453,31,12
477,20220310,개포동,12.0,57.0,32.0,68,41,0.022,0.045,0.6,0.004,16063,25,16
478,20220310,역삼동,12.0,55.0,45.0,68,41,0.022,0.045,0.6,0.004,54938,18,16
479,20220310,청담동,12.0,53.0,113.0,68,41,0.022,0.045,0.6,0.004,18939,31,16
480,20220315,개포동,9.0,87.0,63.0,40,25,0.021,0.029,0.6,0.003,16474,25,16
481,20220315,역삼동,8.0,88.0,56.0,40,25,0.021,0.029,0.6,0.003,54748,18,16
482,20220315,청담동,9.0,85.0,220.0,40,25,0.021,0.029,0.6,0.003,19017,31,16
483,20220322,개포동,10.0,45.0,30.0,34,21,0.039,0.021,0.4,0.003,16461,25,16
484,20220322,역삼동,10.0,45.0,17.0,34,21,0.039,0.021,0.4,0.003,56032,18,16
485,20220322,청담동,11.0,45.0,21.0,34,21,0.039,0.021,0.4,0.003,19370,31,16
486,20220510,개포동,24.0,24.0,62.0,23,12,0.035,0.025,0.3,0.003,18875,25,23
487,20220510,역삼동,25.0,15.0,19.0,23,12,0.035,0.025,0.3,0.003,68108,18,23
488,20220510,청담동,26.0,28.0,31.0,23,12,0.035,0.025,0.3,0.003,22350,31,23
489,20220510,논현동,26.0,19.0,64.0,23,12,0.035,0.025,0.3,0.003,37326,19,23
490,20220510,대치동,25.0,17.0,55.0,23,12,0.035,0.025,0.3,0.003,47341,17,23
491,20220510,도곡동,24.0,18.0,18.0,23,12,0.035,0.025,0.3,0.003,22938,22,23
492,20220510,삼성동,26.0,15.0,27.0,23,12,0.035,0.025,0.3,0.003,50598,95,23
493,20220510,수서동,24.0,21.0,14.0,23,12,0.035,0.025,0.3,0.003,15622,14,23
494,20220510,압구정동,24.0,32.0,56.0,23,12,0.035,0.025,0.3,0.003,24507,19,23
495,20220511,개포동,24.0,38.0,15.0,28,15,0.051,0.018,0.3,0.003,19306,25,23
496,20220511,수서동,25.0,36.0,6.0,28,15,0.051,0.018,0.3,0.003,15767,14,23
497,20220511,압구정동,24.0,36.0,9.0,28,15,0.051,0.018,0.3,0.003,24793,19,23
498,20220511,세곡동,25.0,38.0,34.0,28,15,0.051,0.018,0.3,0.003,18178,71,23
499,20220511,양재동,23.0,38.0,13.0,28,15,0.051,0.018,0.3,0.003,63272,116,23
500,20220511,일원동,24.0,39.0,45.0,28,15,0.051,0.018,0.3,0.003,7951,20,23
501,20220617,개포동,24.0,70.0,29.0,34,20,0.03,0.028,0.4,0.003,20120,25,29
502,20220617,역삼동,27.0,60.0,13.0,34,20,0.03,0.028,0.4,0.003,68143,18,29
503,20220617,청담동,28.0,73.0,21.0,34,20,0.03,0.028,0.4,0.003,23774,31,29
504,20220617,논현동,28.0,59.0,15.0,34,20,0.03,0.028,0.4,0.003,39818,19,29
505,20220617,대치동,26.0,63.0,18.0,34,20,0.03,0.028,0.4,0.003,51362,17,29
506,20220617,도곡동,26.0,64.0,14.0,34,20,0.03,0.028,0.4,0.003,23917,22,29
507,20220617,삼성동,28.0,60.0,21.0,34,20,0.03,0.028,0.4,0.003,53409,95,29
508,20220617,수서동,26.0,66.0,12.0,34,20,0.03,0.028,0.4,0.003,16347,14,29
509,20220617,압구정동,25.0,72.0,19.0,34,20,0.03,0.028,0.4,0.003,27846,19,29
510,20220620,개포동,27.0,69.0,63.0,26,15,0.037,0.023,0.4,0.003,19413,25,29
511,20220620,수서동,28.0,65.0,27.0,26,15,0.037,0.023,0.4,0.003,15436,14,29
512,20220620,압구정동,27.0,66.0,26.0,26,15,0.037,0.023,0.4,0.003,24546,19,29
513,20220620,세곡동,28.0,66.0,83.0,26,15,0.037,0.023,0.4,0.003,17588,71,29
514,20220620,양재동,27.0,69.0,35.0,26,15,0.037,0.023,0.4,0.003,61562,116,29
515,20220620,일원동,28.0,65.0,37.0,26,15,0.037,0.023,0.4,0.003,7552,20,29
516,20220711,개포동,30.0,65.0,14.0,26,16,0.046,0.02,0.3,0.003,20254,25,32
517,20220711,역삼동,30.0,66.0,7.0,26,16,0.046,0.02,0.3,0.003,66314,18,32
518,20220711,청담동,29.0,68.0,7.0,26,16,0.046,0.02,0.3,0.003,20893,31,32
519,20220711,대치동,30.0,68.0,21.0,26,16,0.046,0.02,0.3,0.003,50331,17,32
520,20220711,도곡동,30.0,67.0,8.0,26,16,0.046,0.02,0.3,0.003,23754,22,32
521,20220711,삼성동,30.0,68.0,37.0,26,16,0.046,0.02,0.3,0.003,51565,95,32
522,20220711,수서동,29.0,69.0,7.0,26,16,0.046,0.02,0.3,0.003,15560,14,32
523,20220711,압구정동,30.0,66.0,9.0,26,16,0.046,0.02,0.3,0.003,24324,19,32
524,20220712,개포동,30.0,70.0,23.0,12,5,0.03,0.017,0.3,0.003,20624,25,32
525,20220712,청담동,30.0,60.0,20.0,12,5,0.03,0.017,0.3,0.003,22993,31,32
526,20220712,논현동,29.0,63.0,16.0,12,5,0.03,0.017,0.3,0.003,39576,19,32
527,20220712,수서동,30.0,67.0,19.0,12,5,0.03,0.017,0.3,0.003,15941,14,32
528,20220712,압구정동,29.0,64.0,15.0,12,5,0.03,0.017,0.3,0.003,26050,19,32
529,20220712,세곡동,30.0,68.0,86.0,12,5,0.03,0.017,0.3,0.003,18220,71,32
530,20220712,양재동,30.0,66.0,10.0,12,5,0.03,0.017,0.3,0.003,63539,116,32
531,20220712,일원동,30.0,69.0,64.0,12,5,0.03,0.017,0.3,0.003,7915,20,32
532,20220818,개포동,29.0,63.0,13.0,24,14,0.046,0.021,0.4,0.003,19629,25,38
533,20220818,수서동,31.0,57.0,11.0,24,14,0.046,0.021,0.4,0.003,14793,14,38
534,20220818,압구정동,30.0,61.0,14.0,24,14,0.046,0.021,0.4,0.003,25985,19,38
535,20220818,세곡동,31.0,60.0,39.0,24,14,0.046,0.021,0.4,0.003,17403,71,38
536,20220818,양재동,30.0,61.0,14.0,24,14,0.046,0.021,0.4,0.003,60358,116,38
537,20220818,일원동,30.0,61.0,21.0,24,14,0.046,0.021,0.4,0.003,7746,20,38
538,20220907,개포동,27.0,45.0,8.0,31,14,0.042,0.026,0.4,0.003,20606,25,39
539,20220907,역삼동,29.0,33.0,9.0,31,14,0.042,0.026,0.4,0.003,69001,18,39
540,20220907,청담동,31.0,47.0,12.0,31,14,0.042,0.026,0.4,0.003,23491,31,39
541,20220907,논현동,29.0,33.0,11.0,31,14,0.042,0.026,0.4,0.003,39296,19,39
542,20220907,대치동,29.0,29.0,2.0,31,14,0.042,0.026,0.4,0.003,51630,17,39
543,20220907,도곡동,28.0,33.0,3.0,31,14,0.042,0.026,0.4,0.003,23736,22,39
544,20220907,삼성동,30.0,29.0,23.0,31,14,0.042,0.026,0.4,0.003,52958,95,39
545,20220907,수서동,29.0,32.0,7.0,31,14,0.042,0.026,0.4,0.003,16273,14,39
546,20220907,압구정동,29.0,47.0,15.0,31,14,0.042,0.026,0.4,0.003,26293,19,39
547,20221005,개포동,20.0,60.0,43.0,19,9,0.022,0.017,0.3,0.003,20036,25,40
548,20221005,역삼동,21.0,51.0,7.0,19,9,0.022,0.017,0.3,0.003,65975,18,40
549,20221005,청담동,22.0,61.0,39.0,19,9,0.022,0.017,0.3,0.003,22541,31,40
550,20221005,논현동,21.0,54.0,15.0,19,9,0.022,0.017,0.3,0.003,38025,19,40
551,20221005,대치동,21.0,53.0,21.0,19,9,0.022,0.017,0.3,0.003,50285,17,40
552,20221005,도곡동,21.0,55.0,14.0,19,9,0.022,0.017,0.3,0.003,23195,22,40
553,20221005,삼성동,21.0,54.0,27.0,19,9,0.022,0.017,0.3,0.003,51694,95,40
554,20221005,수서동,21.0,54.0,16.0,19,9,0.022,0.017,0.3,0.003,16017,14,40
555,20221005,압구정동,20.0,63.0,56.0,19,9,0.022,0.017,0.3,0.003,24617,19,40
556,20221007,개포동,17.0,65.0,29.0,10,4,0.023,0.014,0.2,0.003,20053,25,40
557,20221007,수서동,18.0,61.0,3.0,10,4,0.023,0.014,0.2,0.003,16684,14,40
558,20221007,압구정동,18.0,61.0,6.0,10,4,0.023,0.014,0.2,0.003,26535,19,40
559,20221007,세곡동,18.0,65.0,26.0,10,4,0.023,0.014,0.2,0.003,18999,71,40
560,20221007,양재동,17.0,64.0,9.0,10,4,0.023,0.014,0.2,0.003,62657,116,40
561,20221007,일원동,18.0,65.0,9.0,10,4,0.023,0.014,0.2,0.003,7966,20,40
562,20221111,개포동,20.0,76.0,59.0,52,33,0.025,0.043,0.6,0.004,19451,25,44
563,20221111,청담동,17.0,82.0,3.0,52,33,0.025,0.043,0.6,0.004,22901,31,44
564,20221111,수서동,20.0,67.0,2.0,52,33,0.025,0.043,0.6,0.004,16286,14,44
565,20221111,압구정동,20.0,71.0,3.0,52,33,0.025,0.043,0.6,0.004,26232,19,44
566,20221111,세곡동,22.0,61.0,9.0,52,33,0.025,0.043,0.6,0.004,18733,71,44
567,20221111,양재동,19.0,72.0,11.0,52,33,0.025,0.043,0.6,0.004,60654,116,44
568,20221111,일원동,21.0,57.0,29.0,52,33,0.025,0.043,0.6,0.004,7595,20,44
569,20221114,개포동,14.0,66.0,4.0,24,15,0.015,0.023,0.5,0.003,17989,25,44
570,20221114,역삼동,15.0,59.0,3.0,24,15,0.015,0.023,0.5,0.003,60491,18,44
571,20221114,청담동,13.0,70.0,4.0,24,15,0.015,0.023,0.5,0.003,19969,31,44
572,20221114,논현동,14.0,56.0,24.0,24,15,0.015,0.023,0.5,0.003,34799,19,44
573,20221114,대치동,14.0,63.0,7.0,24,15,0.015,0.023,0.5,0.003,44959,17,44
574,20221114,도곡동,14.0,66.0,13.0,24,15,0.015,0.023,0.5,0.003,21321,22,44
575,20221114,삼성동,15.0,55.0,33.0,24,15,0.015,0.023,0.5,0.003,47335,95,44
576,20221114,수서동,14.0,68.0,5.0,24,15,0.015,0.023,0.5,0.003,15300,14,44
577,20221114,압구정동,14.0,75.0,6.0,24,15,0.015,0.023,0.5,0.003,22051,19,44
578,20221220,개포동,-1.0,53.0,165.0,31,19,0.008,0.041,0.5,0.003,7489,25,49
579,20221220,역삼동,1.0,48.0,1.0,31,19,0.008,0.041,0.5,0.003,25397,18,49
580,20221220,청담동,2.0,57.0,165.0,31,19,0.008,0.041,0.5,0.003,9381,31,49
581,20221220,논현동,2.0,48.0,4.0,31,19,0.008,0.041,0.5,0.003,14517,19,49
582,20221220,대치동,1.0,48.0,15.0,31,19,0.008,0.041,0.5,0.003,20904,17,49
583,20221220,도곡동,0.0,48.0,4.0,31,19,0.008,0.041,0.5,0.003,8453,22,49
584,20221220,삼성동,2.0,48.0,26.0,31,19,0.008,0.041,0.5,0.003,19693,95,49
585,20221220,수서동,0.0,48.0,108.0,31,19,0.008,0.041,0.5,0.003,7365,14,49
586,20221220,압구정동,0.0,61.0,176.0,31,19,0.008,0.041,0.5,0.003,12441,19,49
587,20220214,대방동,6.0,56.0,9.0,48,36,0.022,0.036,0.6,0.003,22523,50,6
588,20220214,흑석동,6.0,56.0,7.0,48,36,0.022,0.036,0.6,0.003,16080,60,6
589,20220311,대방동,15.0,62.0,5.0,75,39,0.024,0.054,0.7,0.004,24153,50,17
590,20220311,흑석동,14.0,58.0,47.0,75,39,0.024,0.054,0.7,0.004,17154,60,17
591,20220322,대방동,9.0,50.0,36.0,39,27,0.041,0.022,0.5,0.003,23609,50,17
592,20220322,흑석동,7.0,56.0,96.0,39,27,0.041,0.022,0.5,0.003,16905,60,17
593,20220503,대방동,20.0,36.0,11.0,35,23,0.042,0.019,0.4,0.003,27989,50,26
594,20220503,노량진동,17.0,39.0,39.0,35,23,0.042,0.019,0.4,0.003,42251,63,26
595,20220503,사당동,19.0,32.0,9.0,35,23,0.042,0.019,0.4,0.003,36078,110,26
596,20220503,상도동,18.0,33.0,10.0,35,23,0.042,0.019,0.4,0.003,61927,163,26
597,20220503,신대방동,20.0,27.0,25.0,35,23,0.042,0.019,0.4,0.003,22978,42,26
598,20220530,대방동,25.0,63.0,10.0,27,20,0.043,0.015,0.3,0.002,24967,50,29
599,20220530,노량진동,23.0,66.0,9.0,27,20,0.043,0.015,0.3,0.002,40147,63,29
600,20220530,사당동,25.0,61.0,4.0,27,20,0.043,0.015,0.3,0.002,35104,110,29
601,20220530,상도동,24.0,63.0,9.0,27,20,0.043,0.015,0.3,0.002,59613,163,29
602,20220530,신대방동,26.0,56.0,13.0,27,20,0.043,0.015,0.3,0.002,19212,42,29
603,20220705,대방동,33.0,68.0,16.0,42,33,0.039,0.022,0.3,0.003,26126,50,35
604,20220705,노량진동,30.0,71.0,18.0,42,33,0.039,0.022,0.3,0.003,41680,63,35
605,20220705,사당동,32.0,64.0,7.0,42,33,0.039,0.022,0.3,0.003,38065,110,35
606,20220705,상도동,31.0,69.0,14.0,42,33,0.039,0.022,0.3,0.003,60855,163,35
607,20220705,신대방동,34.0,60.0,15.0,42,33,0.039,0.022,0.3,0.003,20248,42,35
608,20220804,대방동,32.0,69.0,16.0,18,9,0.027,0.007,0.2,0.002,22459,50,37
609,20220804,노량진동,31.0,72.0,13.0,18,9,0.027,0.007,0.2,0.002,38498,63,37
610,20220804,사당동,33.0,62.0,12.0,18,9,0.027,0.007,0.2,0.002,34762,110,37
611,20220804,상도동,23.0,69.0,14.0,18,9,0.027,0.007,0.2,0.002,55306,163,37
612,20220804,신대방동,32.0,66.0,13.0,18,9,0.027,0.007,0.2,0.002,18404,42,37
613,20220915,대방동,28.0,56.0,8.0,24,12,0.035,0.016,0.3,0.002,25255,50,41
614,20220915,노량진동,27.0,59.0,15.0,24,12,0.035,0.016,0.3,0.002,42505,63,41
615,20220915,사당동,28.0,53.0,9.0,24,12,0.035,0.016,0.3,0.002,38013,110,41
616,20220915,상도동,28.0,55.0,38.0,24,12,0.035,0.016,0.3,0.002,65326,163,41
617,20220915,신대방동,28.0,54.0,20.0,24,12,0.035,0.016,0.3,0.002,19286,42,41
618,20221018,대방동,13.0,46.0,13.0,24,10,0.023,0.013,0.3,0.003,23034,50,43
619,20221018,노량진동,11.0,46.0,29.0,24,10,0.023,0.013,0.3,0.003,40491,63,43
620,20221018,사당동,12.0,41.0,4.0,24,10,0.023,0.013,0.3,0.003,35824,110,43
621,20221018,상도동,11.0,44.0,23.0,24,10,0.023,0.013,0.3,0.003,60417,163,43
622,20221018,신대방동,13.0,37.0,15.0,24,10,0.023,0.013,0.3,0.003,17815,42,43
623,20221122,대방동,14.0,65.0,7.0,61,38,0.01,0.041,0.6,0.004,22688,50,47
624,20221122,노량진동,12.0,68.0,23.0,61,38,0.01,0.041,0.6,0.004,40840,63,47
625,20221122,사당동,14.0,61.0,5.0,61,38,0.01,0.041,0.6,0.004,35653,110,47
626,20221122,상도동,13.0,63.0,12.0,61,38,0.01,0.041,0.6,0.004,62123,163,47
627,20221122,신대방동,14.0,59.0,6.0,61,38,0.01,0.041,0.6,0.004,17775,42,47
628,20221229,흑석동,-3.0,66.0,4.0,34,23,0.01,0.037,0.5,0.003,16474,60,60
629,20230213,흑석동,8.0,57.0,4.0,33,24,0.027,0.026,0.5,0.002,16112,60,68
630,20230302,흑석동,2.0,27.0,183.0,54,12,0.035,0.012,0.3,0.002,20231,60,76
631,20220214,방배동,9.0,42.0,60.0,44,33,0.019,0.035,0.6,0.002,35995,51,25
632,20220310,방배동,12.0,51.0,57.0,71,47,0.023,0.044,0.6,0.003,35999,51,27
633,20220315,방배동,8.0,87.0,83.0,41,31,0.023,0.027,0.7,0.002,36115,51,27
634,20220322,방배동,10.0,45.0,22.0,34,22,0.035,0.025,0.5,0.003,36548,51,27
635,20220519,방배동,25.0,43.0,23.0,48,19,0.066,0.014,0.3,0.003,43544,51,34
636,20220519,도곡동,24.0,42.0,11.0,48,19,0.066,0.014,0.3,0.003,23086,22,34
637,20220519,반포동,25.0,42.0,49.0,48,19,0.066,0.014,0.3,0.003,56411,52,34
638,20220519,서초동,24.0,43.0,128.0,48,19,0.066,0.014,0.3,0.003,73953,59,34
639,20220519,잠원동,24.0,42.0,34.0,48,19,0.066,0.014,0.3,0.003,11832,24,34
640,20220610,방배동,27.0,48.0,11.0,29,19,0.029,0.02,0.4,0.002,43951,51,37
641,20220610,도곡동,26.0,54.0,13.0,29,19,0.029,0.02,0.4,0.002,24032,22,37
642,20220610,반포동,27.0,57.0,22.0,29,19,0.029,0.02,0.4,0.002,55873,52,37
643,20220610,서초동,28.0,58.0,15.0,29,19,0.029,0.02,0.4,0.002,75993,59,37
644,20220610,잠원동,27.0,60.0,17.0,29,19,0.029,0.02,0.4,0.002,11393,24,37
645,20220706,방배동,32.0,67.0,7.0,29,18,0.04,0.019,0.3,0.002,46521,51,39
646,20220706,도곡동,33.0,67.0,6.0,29,18,0.04,0.019,0.3,0.002,24994,22,39
647,20220706,반포동,33.0,67.0,12.0,29,18,0.04,0.019,0.3,0.002,55916,52,39
648,20220706,서초동,33.0,70.0,12.0,29,18,0.04,0.019,0.3,0.002,82916,59,39
649,20220706,잠원동,31.0,71.0,14.0,29,18,0.04,0.019,0.3,0.002,11114,24,39
650,20220824,방배동,28.0,63.0,23.0,16,4,0.023,0.017,0.3,0.002,42847,51,40
651,20220824,도곡동,29.0,58.0,0.0,16,4,0.023,0.017,0.3,0.002,23136,22,40
652,20220824,양재동,28.0,61.0,3.0,16,4,0.023,0.017,0.3,0.002,61695,116,40
653,20220824,반포동,29.0,61.0,16.0,16,4,0.023,0.017,0.3,0.002,54551,52,40
654,20220824,서초동,28.0,62.0,6.0,16,4,0.023,0.017,0.3,0.002,73832,59,40
655,20220824,잠원동,28.0,58.0,3.0,16,4,0.023,0.017,0.3,0.002,10573,24,40
656,20220930,방배동,27.0,58.0,7.0,55,42,0.041,0.035,0.6,0.003,44582,51,40
657,20220930,도곡동,28.0,43.0,2.0,55,42,0.041,0.035,0.6,0.003,23341,22,40
658,20220930,반포동,29.0,62.0,10.0,55,42,0.041,0.035,0.6,0.003,57416,52,40
659,20220930,서초동,27.0,66.0,14.0,55,42,0.041,0.035,0.6,0.003,75935,59,40
660,20220930,잠원동,24.0,66.0,8.0,55,42,0.041,0.035,0.6,0.003,11301,24,40
661,20221019,방배동,16.0,35.0,15.0,25,7,0.015,0.026,0.4,0.002,43516,51,42
662,20221019,도곡동,17.0,30.0,6.0,25,7,0.015,0.026,0.4,0.002,22677,22,42
663,20221019,반포동,18.0,37.0,31.0,25,7,0.015,0.026,0.4,0.002,53634,52,42
664,20221019,서초동,16.0,39.0,19.0,25,7,0.015,0.026,0.4,0.002,72907,59,42
665,20221019,잠원동,15.0,40.0,21.0,25,7,0.015,0.026,0.4,0.002,10633,24,42
666,20221123,방배동,15.0,57.0,8.0,45,27,0.015,0.027,0.4,0.002,42367,51,47
667,20221123,도곡동,16.0,44.0,4.0,45,27,0.015,0.027,0.4,0.002,22018,22,47
668,20221123,반포동,16.0,62.0,16.0,45,27,0.015,0.027,0.4,0.002,52136,52,47
669,20221123,서초동,15.0,61.0,9.0,45,27,0.015,0.027,0.4,0.002,71690,59,47
670,20221123,잠원동,15.0,61.0,8.0,45,27,0.015,0.027,0.4,0.002,10535,24,47
671,20221205,방배동,0.0,31.0,72.0,20,7,0.015,0.022,0.3,0.002,40503,51,47
672,20221205,잠원동,0.0,34.0,35.0,20,7,0.015,0.022,0.3,0.002,9871,24,47
673,20230131,방배동,3.0,56.0,1.0,42,14,0.015,0.036,0.5,0.003,39928,51,69
674,20230131,잠원동,3.0,57.0,10.0,42,14,0.015,0.036,0.5,0.003,9879,24,69
675,20230227,방배동,5.0,56.0,23.0,51,33,0.015,0.044,0.6,0.003,37493,51,81
676,20230227,잠원동,7.0,48.0,89.0,51,33,0.015,0.044,0.6,0.003,9561,24,81
677,20220216,방화동,-4.0,36.0,131.0,33,17,0.032,0.013,0.4,0.003,11351,107,9
678,20220307,방화동,5.0,54.0,204.0,43,17,0.017,0.035,0.5,0.004,11393,107,12
679,20220316,방화동,10.0,77.0,156.0,61,33,0.019,0.04,0.6,0.004,11447,107,12
680,20220322,방화동,11.0,51.0,115.0,40,23,0.039,0.022,0.5,0.003,11521,107,13
681,20220330,방화동,17.0,67.0,93.0,37,15,0.02,0.036,0.5,0.003,11640,107,14
682,20220330,가양동,16.0,64.0,46.0,37,15,0.02,0.036,0.5,0.003,16978,109,14
683,20220330,염창동,15.0,62.0,120.0,37,15,0.02,0.036,0.5,0.003,12971,37,14
684,20220617,방화동,27.0,92.0,23.0,35,21,0.034,0.022,0.5,0.003,13942,107,15
685,20220617,목동,23.0,93.0,35.0,35,21,0.034,0.022,0.5,0.003,66061,130,15
686,20220617,가양동,24.0,89.0,10.0,35,21,0.034,0.022,0.5,0.003,19485,109,15
687,20220617,염창동,25.0,84.0,24.0,35,21,0.034,0.022,0.5,0.003,15286,37,15
688,20220617,상암동,28.0,72.0,5.0,35,21,0.034,0.022,0.5,0.003,32311,94,15
689,20220617,화곡동,24.0,91.0,50.0,35,21,0.034,0.022,0.5,0.003,62252,156,15
690,20220718,방화동,31.0,84.0,101.0,29,21,0.053,0.016,0.5,0.003,13463,107,18
691,20220718,목동,31.0,74.0,52.0,29,21,0.053,0.016,0.5,0.003,63912,130,18
692,20220718,가양동,31.0,76.0,5.0,29,21,0.053,0.016,0.5,0.003,19357,109,18
693,20220718,염창동,29.0,84.0,46.0,29,21,0.053,0.016,0.5,0.003,14997,37,18
694,20220718,상암동,31.0,70.0,9.0,29,21,0.053,0.016,0.5,0.003,33748,94,18
695,20220718,화곡동,32.0,71.0,32.0,29,21,0.053,0.016,0.5,0.003,60383,156,18
696,20220908,방화동,27.0,81.0,12.0,31,13,0.032,0.027,0.5,0.003,14089,107,20
697,20220908,목동,28.0,57.0,56.0,31,13,0.032,0.027,0.5,0.003,66253,130,20
698,20220908,가양동,27.0,66.0,4.0,31,13,0.032,0.027,0.5,0.003,19819,109,20
699,20220908,염창동,25.0,79.0,20.0,31,13,0.032,0.027,0.5,0.003,15108,37,20
700,20220908,상암동,29.0,49.0,3.0,31,13,0.032,0.027,0.5,0.003,33322,94,20
701,20220908,화곡동,29.0,54.0,9.0,31,13,0.032,0.027,0.5,0.003,63576,156,20
702,20221007,방화동,17.0,78.0,20.0,13,4,0.027,0.01,0.3,0.002,13692,107,21
703,20221007,목동,19.0,72.0,11.0,13,4,0.027,0.01,0.3,0.002,67683,130,21
704,20221007,가양동,18.0,73.0,8.0,13,4,0.027,0.01,0.3,0.002,19374,109,21
705,20221007,염창동,16.0,77.0,20.0,13,4,0.027,0.01,0.3,0.002,15440,37,21
706,20221007,상암동,19.0,68.0,11.0,13,4,0.027,0.01,0.3,0.002,33496,94,21
707,20221007,화곡동,18.0,72.0,16.0,13,4,0.027,0.01,0.3,0.002,63641,156,21
708,20221101,방화동,17.0,78.0,63.0,58,35,0.023,0.029,0.6,0.003,13052,107,23
709,20221101,목동,16.0,75.0,21.0,58,35,0.023,0.029,0.6,0.003,62036,130,23
710,20221101,가양동,16.0,76.0,12.0,58,35,0.023,0.029,0.6,0.003,18662,109,23
711,20221101,염창동,16.0,75.0,29.0,58,35,0.023,0.029,0.6,0.003,14457,37,23
712,20221101,상암동,17.0,65.0,24.0,58,35,0.023,0.029,0.6,0.003,33635,94,23
713,20221101,화곡동,16.0,76.0,32.0,58,35,0.023,0.029,0.6,0.003,60210,156,23
714,20221124,방화동,13.0,80.0,16.0,62,32,0.012,0.037,0.7,0.004,12929,107,29
715,20221124,목동,13.0,73.0,8.0,62,32,0.012,0.037,0.7,0.004,63963,130,29
716,20221124,가양동,12.0,74.0,14.0,62,32,0.012,0.037,0.7,0.004,18801,109,29
717,20221124,염창동,13.0,70.0,19.0,62,32,0.012,0.037,0.7,0.004,15094,37,29
718,20221124,화곡동,12.0,73.0,19.0,62,32,0.012,0.037,0.7,0.004,60332,156,29
719,20221125,방화동,18.0,41.0,10.0,63,35,0.024,0.034,0.7,0.005,13368,107,29
720,20221125,상암동,18.0,38.0,10.0,63,35,0.024,0.034,0.7,0.005,32626,94,29
721,20230117,방화동,0.0,51.0,102.0,42,18,0.009,0.036,0.6,0.003,12927,107,57
722,20230117,목동,1.0,50.0,46.0,42,18,0.009,0.036,0.6,0.003,64865,130,57
723,20230117,가양동,0.0,52.0,47.0,42,18,0.009,0.036,0.6,0.003,19124,109,57
724,20230117,염창동,-2.0,49.0,70.0,42,18,0.009,0.036,0.6,0.003,14770,37,57
725,20230117,상암동,0.0,53.0,15.0,42,18,0.009,0.036,0.6,0.003,33425,94,57
726,20230117,화곡동,0.0,53.0,93.0,42,18,0.009,0.036,0.6,0.003,58692,156,57
727,20220216,보문동,-5.0,36.0,38.0,28,17,0.033,0.013,0.6,0.003,5774,10,8
728,20220216,석관동,-5.0,40.0,43.0,28,17,0.033,0.013,0.6,0.003,11328,26,8
729,20220216,종암동,-3.0,36.0,57.0,28,17,0.033,0.013,0.6,0.003,16378,62,8
730,20220310,보문동,15.0,21.0,41.0,76,39,0.022,0.045,0.6,0.003,5781,10,8
731,20220310,종암동,16.0,24.0,35.0,76,39,0.022,0.045,0.6,0.003,17011,62,8
732,20220511,보문동,25.0,42.0,46.0,32,13,0.049,0.017,0.3,0.003,6804,10,12
733,20220511,석관동,24.0,39.0,152.0,32,13,0.049,0.017,0.3,0.003,14317,26,12
734,20220511,종암동,26.0,40.0,65.0,32,13,0.049,0.017,0.3,0.003,20264,62,12
735,20220511,미아동,26.0,39.0,65.0,32,13,0.049,0.017,0.3,0.003,11715,9,12
736,20220511,성북동,25.0,40.0,84.0,32,13,0.049,0.017,0.3,0.003,16626,109,12
737,20220511,장위동,26.0,39.0,178.0,32,13,0.049,0.017,0.3,0.003,22706,108,12
738,20220511,정릉동,25.0,43.0,148.0,32,13,0.049,0.017,0.3,0.003,50413,128,12
739,20220616,보문동,25.0,72.0,125.0,19,10,0.026,0.015,0.4,0.002,6672,10,14
740,20220616,석관동,24.0,81.0,145.0,19,10,0.026,0.015,0.4,0.002,14532,26,14
741,20220616,종암동,24.0,74.0,99.0,19,10,0.026,0.015,0.4,0.002,20413,62,14
742,20220616,미아동,23.0,77.0,14.0,19,10,0.026,0.015,0.4,0.002,11916,9,14
743,20220616,성북동,24.0,82.0,80.0,19,10,0.026,0.015,0.4,0.002,15465,109,14
744,20220616,장위동,24.0,80.0,389.0,19,10,0.026,0.015,0.4,0.002,23133,108,14
745,20220616,정릉동,23.0,84.0,396.0,19,10,0.026,0.015,0.4,0.002,47181,128,14
746,20220712,보문동,29.0,74.0,29.0,10,4,0.029,0.014,0.3,0.002,6858,10,14
747,20220712,종암동,30.0,74.0,36.0,10,4,0.029,0.014,0.3,0.002,20276,62,14
748,20220712,미아동,29.0,75.0,5.0,10,4,0.029,0.014,0.3,0.002,12226,9,14
749,20220818,보문동,30.0,69.0,12.0,25,12,0.043,0.019,0.4,0.003,6613,10,16
750,20220818,석관동,29.0,81.0,12.0,25,12,0.043,0.019,0.4,0.003,13023,26,16
751,20220818,종암동,31.0,70.0,38.0,25,12,0.043,0.019,0.4,0.003,19827,62,16
752,20220818,미아동,31.0,66.0,1310.0,25,12,0.043,0.019,0.4,0.003,11999,9,16
753,20220818,성북동,29.0,80.0,10.0,25,12,0.043,0.019,0.4,0.003,14770,109,16
754,20220818,장위동,31.0,88.0,782.0,25,12,0.043,0.019,0.4,0.003,22180,108,16
755,20220818,정릉동,28.0,86.0,52.0,25,12,0.043,0.019,0.4,0.003,41717,128,16
756,20220929,보문동,27.0,46.0,10.0,66,37,0.04,0.035,0.5,0.003,7043,10,19
757,20220929,석관동,26.0,67.0,36.0,66,37,0.04,0.035,0.5,0.003,14440,26,19
758,20220929,종암동,27.0,52.0,17.0,66,37,0.04,0.035,0.5,0.003,20813,62,19
759,20220929,미아동,27.0,53.0,5.0,66,37,0.04,0.035,0.5,0.003,12071,9,19
760,20220929,성북동,27.0,57.0,12.0,66,37,0.04,0.035,0.5,0.003,16518,109,19
761,20220929,장위동,27.0,74.0,158.0,66,37,0.04,0.035,0.5,0.003,23097,108,19
762,20220929,정릉동,26.0,80.0,13.0,66,37,0.04,0.035,0.5,0.003,54873,128,19
763,20221017,보문동,15.0,26.0,13.0,27,9,0.027,0.011,0.3,0.003,6350,10,20
764,20221017,석관동,13.0,38.0,27.0,27,9,0.027,0.011,0.3,0.003,13293,26,20
765,20221017,종암동,16.0,27.0,9.0,27,9,0.027,0.011,0.3,0.003,18793,62,20
766,20221017,미아동,15.0,26.0,3.0,27,9,0.027,0.011,0.3,0.003,11247,9,20
767,20221017,성북동,14.0,30.0,17.0,27,9,0.027,0.011,0.3,0.003,14784,109,20
768,20221017,장위동,15.0,38.0,27.0,27,9,0.027,0.011,0.3,0.003,21474,108,20
769,20221017,정릉동,15.0,36.0,11.0,27,9,0.027,0.011,0.3,0.003,47019,128,20
770,20221129,보문동,10.0,70.0,38.0,23,12,0.018,0.021,0.7,0.003,6978,10,25
771,20221129,석관동,11.0,60.0,23.0,23,12,0.018,0.021,0.7,0.003,14075,26,25
772,20221129,종암동,10.0,66.0,29.0,23,12,0.018,0.021,0.7,0.003,20330,62,25
773,20221129,미아동,10.0,52.0,34.0,23,12,0.018,0.021,0.7,0.003,11745,9,25
774,20221129,성북동,10.0,76.0,58.0,23,12,0.018,0.021,0.7,0.003,15897,109,25
775,20221129,장위동,11.0,64.0,128.0,23,12,0.018,0.021,0.7,0.003,23060,108,25
776,20221129,정릉동,10.0,70.0,76.0,23,12,0.018,0.021,0.7,0.003,51087,128,25
777,20230329,보문동,20.0,27.0,16.0,87,36,0.034,0.036,0.5,0.004,7161,10,76
778,20230329,석관동,17.0,29.0,19.0,87,36,0.034,0.036,0.5,0.004,15273,26,76
779,20230329,종암동,20.0,27.0,12.0,87,36,0.034,0.036,0.5,0.004,20957,62,76
780,20230329,미아동,20.0,26.0,12.0,87,36,0.034,0.036,0.5,0.004,11718,9,76
781,20230329,성북동,20.0,26.0,24.0,87,36,0.034,0.036,0.5,0.004,16350,109,76
782,20230329,장위동,20.0,47.0,18.0,87,36,0.034,0.036,0.5,0.004,23439,108,76
783,20230329,정릉동,19.0,26.0,22.0,87,36,0.034,0.036,0.5,0.004,53455,128,76
784,20220711,석관동,31.0,76.0,7.0,23,15,0.039,0.017,0.5,0.002,13931,26,14
785,20220711,성북동,31.0,73.0,8.0,23,15,0.039,0.017,0.5,0.002,14868,109,14
786,20220711,장위동,31.0,76.0,22.0,23,15,0.039,0.017,0.5,0.002,22598,108,14
787,20220711,정릉동,31.0,83.0,51.0,23,15,0.039,0.017,0.5,0.002,42792,128,14
788,20230119,석관동,4.0,60.0,90.0,65,28,0.012,0.04,0.8,0.003,13498,26,43
789,20230119,장위동,3.0,59.0,20.0,65,28,0.012,0.04,0.8,0.003,22052,108,43
790,20230213,석관동,9.0,62.0,3.0,34,22,0.027,0.024,0.5,0.003,12804,26,64
791,20230213,장위동,9.0,61.0,3.0,34,22,0.027,0.024,0.5,0.003,21238,108,64
792,20230302,석관동,6.0,23.0,26.0,59,11,0.033,0.015,0.4,0.003,15409,26,67
793,20230302,장위동,6.0,21.0,21.0,59,11,0.033,0.015,0.4,0.003,23825,108,67
794,20220216,묵동,-4.0,38.0,57.0,30,18,0.033,0.013,0.4,0.003,9660,51,9
795,20220216,상봉동,-5.0,40.0,67.0,30,18,0.033,0.013,0.4,0.003,17636,31,9
796,20220315,묵동,10.0,75.0,106.0,38,25,0.019,0.032,0.7,0.003,9933,51,12
797,20220315,상봉동,10.0,72.0,85.0,38,25,0.019,0.032,0.7,0.003,17730,31,12
798,20220525,묵동,27.0,51.0,59.0,25,12,0.043,0.018,0.3,0.003,11924,51,15
799,20220525,상봉동,27.0,46.0,176.0,25,12,0.043,0.018,0.3,0.003,21484,31,15
800,20220525,망우동,27.0,47.0,64.0,25,12,0.043,0.018,0.3,0.003,4987,10,15
801,20220525,면목동,27.0,54.0,107.0,25,12,0.043,0.018,0.3,0.003,24161,68,15
802,20220525,신내동,27.0,58.0,55.0,25,12,0.043,0.018,0.3,0.003,28355,75,15
803,20220708,묵동,28.0,98.0,41.0,26,18,0.044,0.017,0.3,0.003,12167,51,22
804,20220708,상봉동,28.0,94.0,24.0,26,18,0.044,0.017,0.3,0.003,22120,31,22
805,20220708,망우동,28.0,95.0,24.0,26,18,0.044,0.017,0.3,0.003,5282,10,22
806,20220708,면목동,28.0,99.0,40.0,26,18,0.044,0.017,0.3,0.003,24446,68,22
807,20220708,신내동,28.0,100.0,22.0,26,18,0.044,0.017,0.3,0.003,29116,75,22
808,20220831,묵동,24.0,99.0,33.0,9,3,0.023,0.012,0.2,0.002,11539,51,30
809,20220831,상봉동,25.0,95.0,100.0,9,3,0.023,0.012,0.2,0.002,21062,31,30
810,20220831,망우동,24.0,96.0,41.0,9,3,0.023,0.012,0.2,0.002,4987,10,30
811,20220831,면목동,25.0,99.0,75.0,9,3,0.023,0.012,0.2,0.002,23809,68,30
812,20220831,신내동,24.0,100.0,34.0,9,3,0.023,0.012,0.2,0.002,28274,75,30
813,20221004,묵동,19.0,100.0,35.0,16,8,0.02,0.012,0.3,0.002,11865,51,30
814,20221004,상봉동,20.0,100.0,14.0,16,8,0.02,0.012,0.3,0.002,20656,31,30
815,20221004,망우동,20.0,100.0,21.0,16,8,0.02,0.012,0.3,0.002,5190,10,30
816,20221004,면목동,20.0,100.0,30.0,16,8,0.02,0.012,0.3,0.002,24217,68,30
817,20221004,신내동,20.0,100.0,12.0,16,8,0.02,0.012,0.3,0.002,28714,75,30
818,20221031,묵동,19.0,57.0,96.0,22,13,0.027,0.02,0.4,0.002,11236,51,31
819,20221031,상봉동,19.0,50.0,31.0,22,13,0.027,0.02,0.4,0.002,20071,31,31
820,20221031,망우동,19.0,50.0,27.0,22,13,0.027,0.02,0.4,0.002,5011,10,31
821,20221031,면목동,20.0,58.0,26.0,22,13,0.027,0.02,0.4,0.002,23250,68,31
822,20221031,신내동,19.0,61.0,18.0,22,13,0.027,0.02,0.4,0.002,27717,75,31
823,20230130,묵동,3.0,37.0,337.0,40,16,0.02,0.028,0.5,0.003,10744,51,39
824,20230130,상봉동,1.0,40.0,49.0,40,16,0.02,0.028,0.5,0.003,20132,31,39
825,20230130,망우동,2.0,40.0,256.0,40,16,0.02,0.028,0.5,0.003,4666,10,39
826,20230213,묵동,9.0,66.0,1.0,30,21,0.029,0.024,0.5,0.002,10689,51,47
827,20230213,상봉동,8.0,65.0,2.0,30,21,0.029,0.024,0.5,0.002,20280,31,47
828,20230213,망우동,8.0,64.0,33.0,30,21,0.029,0.024,0.5,0.002,4614,10,47
829,20230223,묵동,6.0,65.0,45.0,40,26,0.029,0.028,0.5,0.003,10960,51,53
830,20230223,상봉동,4.0,75.0,1.0,40,26,0.029,0.028,0.5,0.003,21128,31,53
831,20230223,망우동,4.0,72.0,30.0,40,26,0.029,0.028,0.5,0.003,4755,10,53
832,20230330,묵동,21.0,30.0,43.0,65,33,0.041,0.034,0.5,0.003,11639,51,74
833,20230330,상봉동,22.0,24.0,39.0,65,33,0.041,0.034,0.5,0.003,21445,31,74
834,20230330,망우동,21.0,22.0,20.0,65,33,0.041,0.034,0.5,0.003,5043,10,74
835,20230330,면목동,22.0,30.0,51.0,65,33,0.041,0.034,0.5,0.003,24288,68,74
836,20230330,신내동,21.0,33.0,21.0,65,33,0.041,0.034,0.5,0.003,28571,75,74
837,20220221,상계동,3.0,53.0,109.0,29,16,0.023,0.027,0.5,0.003,33828,157,17
838,20220311,상계동,17.0,50.0,75.0,71,42,0.028,0.042,0.7,0.004,35374,157,17
839,20220322,상계동,11.0,46.0,24.0,36,26,0.045,0.019,0.5,0.003,34859,157,17
840,20220527,상계동,24.0,49.0,80.0,24,12,0.055,0.008,0.3,0.002,41559,157,21
841,20220527,공릉동,23.0,49.0,191.0,24,12,0.055,0.008,0.3,0.002,28516,107,21
842,20220527,월계동,26.0,48.0,28.0,24,12,0.055,0.008,0.3,0.002,32113,125,21
843,20220527,중계동,24.0,47.0,32.0,24,12,0.055,0.008,0.3,0.002,14126,28,21
844,20220527,하계동,23.0,49.0,92.0,24,12,0.055,0.008,0.3,0.002,19441,69,21
845,20220701,상계동,32.0,78.0,22.0,16,7,0.016,0.017,0.4,0.002,44213,157,27
846,20220701,공릉동,30.0,79.0,23.0,16,7,0.016,0.017,0.4,0.002,25003,107,27
847,20220701,월계동,32.0,74.0,20.0,16,7,0.016,0.017,0.4,0.002,31742,125,27
848,20220701,중계동,32.0,61.0,17.0,16,7,0.016,0.017,0.4,0.002,14523,28,27
849,20220701,하계동,30.0,70.0,61.0,16,7,0.016,0.017,0.4,0.002,19388,69,27
850,20220805,상계동,34.0,68.0,34.0,21,11,0.026,0.015,0.3,0.004,38691,157,29
851,20220805,공릉동,33.0,66.0,22.0,21,11,0.026,0.015,0.3,0.004,22166,107,29
852,20220805,월계동,35.0,63.0,15.0,21,11,0.026,0.015,0.3,0.004,26705,125,29
853,20220805,중계동,34.0,58.0,7.0,21,11,0.026,0.015,0.3,0.004,12989,28,29
854,20220805,하계동,34.0,60.0,36.0,21,11,0.026,0.015,0.3,0.004,16470,69,29
855,20220929,상계동,26.0,76.0,16.0,46,34,0.045,0.029,0.6,0.004,40215,157,30
856,20220929,공릉동,23.0,76.0,6.0,46,34,0.045,0.029,0.6,0.004,28848,107,30
857,20220929,월계동,26.0,74.0,19.0,46,34,0.045,0.029,0.6,0.004,32061,125,30
858,20220929,중계동,25.0,58.0,11.0,46,34,0.045,0.029,0.6,0.004,13998,28,30
859,20220929,하계동,22.0,72.0,16.0,46,34,0.045,0.029,0.6,0.004,18969,69,30
860,20221107,상계동,16.0,58.0,17.0,35,22,0.02,0.038,0.5,0.004,37348,157,38
861,20221107,공릉동,15.0,57.0,20.0,35,22,0.02,0.038,0.5,0.004,26963,107,38
862,20221107,월계동,16.0,55.0,16.0,35,22,0.02,0.038,0.5,0.004,34248,125,38
863,20221107,중계동,16.0,43.0,26.0,35,22,0.02,0.038,0.5,0.004,13034,28,38
864,20221107,하계동,14.0,55.0,51.0,35,22,0.02,0.038,0.5,0.004,18887,69,38
865,20221209,상계동,8.0,55.0,22.0,39,24,0.01,0.045,0.7,0.004,41137,157,48
866,20230213,상계동,7.0,78.0,1.0,38,29,0.026,0.023,0.6,0.003,36495,157,82
867,20230320,상계동,17.0,19.0,24.0,95,70,0.027,0.039,0.8,0.003,38794,157,106
868,20220221,쌍문동,3.0,50.0,8.0,24,14,0.028,0.017,0.6,0.003,28986,97,15
869,20220221,창동,4.0,46.0,51.0,24,14,0.028,0.017,0.6,0.003,41147,152,15
870,20220311,쌍문동,16.0,51.0,13.0,65,37,0.031,0.037,0.5,0.004,30961,97,16
871,20220311,창동,16.0,52.0,8.0,65,37,0.031,0.037,0.5,0.004,43013,152,16
872,20220322,쌍문동,7.0,48.0,10.0,32,24,0.04,0.015,0.4,0.003,29652,97,16
873,20220322,창동,8.0,48.0,4.0,32,24,0.04,0.015,0.4,0.003,41581,152,16
874,20220511,쌍문동,25.0,43.0,16.0,24,12,0.063,0.009,0.3,0.003,34531,97,18
875,20220511,창동,25.0,42.0,31.0,24,12,0.063,0.009,0.3,0.003,47541,152,18
876,20220511,우이동,25.0,42.0,18.0,24,12,0.063,0.009,0.3,0.003,11070,28,18
877,20220511,도봉동,25.0,40.0,15.0,24,12,0.063,0.009,0.3,0.003,17597,90,18
878,20220511,방학동,26.0,41.0,82.0,24,12,0.063,0.009,0.3,0.003,25380,95,18
879,20220613,쌍문동,27.0,65.0,29.0,22,14,0.04,0.009,0.6,0.002,34743,97,20
880,20220613,창동,27.0,58.0,46.0,22,14,0.04,0.009,0.6,0.002,46764,152,20
881,20220613,우이동,27.0,57.0,38.0,22,14,0.04,0.009,0.6,0.002,10626,28,20
882,20220613,방학동,27.0,57.0,229.0,22,14,0.04,0.009,0.6,0.002,24711,95,20
883,20220712,쌍문동,30.0,80.0,11.0,8,3,0.025,0.009,0.1,0.001,34440,97,24
884,20220712,창동,30.0,79.0,11.0,8,3,0.025,0.009,0.1,0.001,49101,152,24
885,20220712,우이동,30.0,77.0,8.0,8,3,0.025,0.009,0.1,0.001,10929,28,24
886,20220712,도봉동,30.0,76.0,10.0,8,3,0.025,0.009,0.1,0.001,17969,90,24
887,20220712,방학동,30.0,76.0,43.0,8,3,0.025,0.009,0.1,0.001,25738,95,24
888,20220907,쌍문동,29.0,39.0,6.0,22,9,0.048,0.008,0.4,0.003,36888,97,25
889,20220907,창동,30.0,38.0,9.0,22,9,0.048,0.008,0.4,0.003,51633,152,25
890,20220907,우이동,29.0,32.0,8.0,22,9,0.048,0.008,0.4,0.003,12036,28,25
891,20220907,도봉동,29.0,38.0,19.0,22,9,0.048,0.008,0.4,0.003,18395,90,25
892,20220907,방학동,29.0,32.0,27.0,22,9,0.048,0.008,0.4,0.003,26788,95,25
893,20220929,쌍문동,26.0,72.0,15.0,57,42,0.042,0.026,0.7,0.003,35131,97,29
894,20220929,창동,26.0,72.0,18.0,57,42,0.042,0.026,0.7,0.003,47977,152,29
895,20220929,우이동,26.0,69.0,13.0,57,42,0.042,0.026,0.7,0.003,11609,28,29
896,20220929,도봉동,27.0,64.0,17.0,57,42,0.042,0.026,0.7,0.003,17600,90,29
897,20220929,방학동,26.0,68.0,19.0,57,42,0.042,0.026,0.7,0.003,25378,95,29
898,20221110,쌍문동,18.0,73.0,17.0,73,55,0.029,0.028,0.9,0.003,34018,97,32
899,20221110,창동,18.0,74.0,25.0,73,55,0.029,0.028,0.9,0.003,46422,152,32
900,20221110,우이동,18.0,70.0,18.0,73,55,0.029,0.028,0.9,0.003,11298,28,32
901,20221110,도봉동,17.0,73.0,26.0,73,55,0.029,0.028,0.9,0.003,17310,90,32
902,20221110,방학동,19.0,68.0,49.0,73,55,0.029,0.028,0.9,0.003,25026,95,32
903,20230116,쌍문동,-4.0,86.0,1.0,16,13,0.031,0.01,0.5,0.002,31986,97,41
904,20230116,창동,-3.0,82.0,3.0,16,13,0.031,0.01,0.5,0.002,45633,152,41
905,20230213,쌍문동,9.0,66.0,3.0,32,22,0.03,0.02,0.6,0.003,30704,97,45
906,20230213,창동,9.0,66.0,2.0,32,22,0.03,0.02,0.6,0.003,44371,152,45
907,20230302,쌍문동,4.0,24.0,32.0,57,9,0.04,0.008,0.3,0.003,35405,97,53
908,20230302,창동,5.0,23.0,19.0,57,9,0.04,0.008,0.3,0.003,49122,152,53
909,20220610,창동,25.0,70.0,19.0,25,16,0.029,0.013,0.6,0.002,48618,152,20
910,20220610,도봉동,26.0,70.0,12.0,25,16,0.029,0.013,0.6,0.002,17593,90,20
911,20220222,미아동,0.0,36.0,18.0,34,16,0.038,0.007,0.3,0.003,10118,9,6
912,20220222,수유동,1.0,35.0,28.0,34,16,0.038,0.007,0.3,0.003,36580,80,6
913,20220310,미아동,14.0,42.0,47.0,74,46,0.032,0.028,0.6,0.003,10441,9,6
914,20220310,수유동,13.0,38.0,157.0,74,46,0.032,0.028,0.6,0.003,37500,80,6
915,20220511,미아동,24.0,43.0,140.0,26,13,0.057,0.01,0.3,0.002,11715,9,8
916,20220511,수유동,25.0,39.0,160.0,26,13,0.057,0.01,0.3,0.002,43292,80,8
917,20220511,번동,23.0,40.0,286.0,26,13,0.057,0.01,0.3,0.002,39966,137,8
918,20220511,우이동,24.0,39.0,136.0,26,13,0.057,0.01,0.3,0.002,11070,28,8
919,20220616,미아동,23.0,92.0,134.0,18,8,0.028,0.009,0.3,0.002,11916,9,10
920,20220616,수유동,24.0,82.0,142.0,18,8,0.028,0.009,0.3,0.002,43294,80,10
921,20220616,번동,22.0,85.0,102.0,18,8,0.028,0.009,0.3,0.002,41001,137,10
922,20220616,우이동,23.0,82.0,228.0,18,8,0.028,0.009,0.3,0.002,10965,28,10
923,20220711,미아동,30.0,82.0,18.0,29,16,0.04,0.012,0.3,0.002,12126,9,17
924,20220711,수유동,31.0,77.0,13.0,29,16,0.04,0.012,0.3,0.002,42765,80,17
925,20220711,번동,30.0,78.0,7.0,29,16,0.04,0.012,0.3,0.002,40973,137,17
926,20220711,우이동,30.0,77.0,24.0,29,16,0.04,0.012,0.3,0.002,10759,28,17
927,20220819,미아동,28.0,88.0,12.0,28,14,0.023,0.014,0.4,0.002,11322,9,17
928,20220819,수유동,28.0,94.0,32.0,28,14,0.023,0.014,0.4,0.002,41956,80,17
929,20220819,번동,29.0,80.0,12.0,28,14,0.023,0.014,0.4,0.002,40191,137,17
930,20220819,우이동,28.0,84.0,35.0,28,14,0.023,0.014,0.4,0.002,10332,28,17
931,20220929,미아동,24.0,93.0,14.0,53,35,0.046,0.021,0.6,0.003,12071,9,19
932,20220929,수유동,25.0,76.0,73.0,53,35,0.046,0.021,0.6,0.003,44817,80,19
933,20220929,번동,23.0,88.0,13.0,53,35,0.046,0.021,0.6,0.003,40648,137,19
934,20220929,우이동,23.0,85.0,18.0,53,35,0.046,0.021,0.6,0.003,11609,28,19
935,20221018,미아동,12.0,51.0,12.0,20,9,0.023,0.009,0.4,0.002,12021,9,19
936,20221018,수유동,13.0,42.0,11.0,20,9,0.023,0.009,0.4,0.002,43542,80,19
937,20221018,번동,13.0,46.0,14.0,20,9,0.023,0.009,0.4,0.002,40612,137,19
938,20221018,우이동,13.0,42.0,15.0,20,9,0.023,0.009,0.4,0.002,11169,28,19
939,20221205,미아동,-1.0,36.0,59.0,23,10,0.024,0.014,0.4,0.003,11519,9,30
940,20221205,수유동,0.0,29.0,82.0,23,10,0.024,0.014,0.4,0.003,42318,80,30
941,20221205,번동,-2.0,33.0,77.0,23,10,0.024,0.014,0.4,0.003,39178,137,30
942,20221205,우이동,-1.0,31.0,56.0,23,10,0.024,0.014,0.4,0.003,10657,28,30
943,20230116,수유동,-2.0,71.0,67.0,22,14,0.031,0.008,0.4,0.002,40295,80,38
944,20230116,번동,-2.0,75.0,33.0,22,14,0.031,0.008,0.4,0.002,39151,137,38
945,20230213,수유동,9.0,63.0,8.0,33,23,0.029,0.017,0.6,0.002,39484,80,42
946,20230213,번동,9.0,63.0,17.0,33,23,0.029,0.017,0.6,0.002,38878,137,42
947,20230302,수유동,6.0,23.0,29.0,58,12,0.038,0.008,0.3,0.003,44723,80,49
948,20230302,번동,6.0,22.0,52.0,58,12,0.038,0.008,0.3,0.003,41929,137,49
949,20220519,중곡동,23.0,41.0,29.0,46,19,0.068,0.017,0.3,0.004,20228,97,31
950,20220519,신당동,24.0,42.0,104.0,46,19,0.068,0.017,0.3,0.004,11143,24,31
951,20220705,중곡동,33.0,62.0,19.0,34,23,0.048,0.019,0.4,0.003,21344,97,47
952,20220705,신당동,33.0,58.0,8.0,34,23,0.048,0.019,0.4,0.003,11699,24,47
953,20220719,중곡동,32.0,53.0,31.0,36,21,0.051,0.019,0.2,0.003,20669,97,49
954,20220719,신당동,32.0,50.0,13.0,36,21,0.051,0.019,0.2,0.003,11291,24,49
955,20220922,중곡동,25.0,44.0,6.0,20,7,0.031,0.018,0.2,0.002,20548,97,66
956,20220922,신당동,25.0,46.0,11.0,20,7,0.031,0.018,0.2,0.002,11317,24,66
957,20221116,중곡동,14.0,32.0,12.0,35,18,0.01,0.033,0.5,0.003,20238,97,95
958,20221116,신당동,14.0,36.0,3.0,35,18,0.01,0.033,0.5,0.003,10791,24,95
959,20220222,장안동,1.0,35.0,41.0,29,15,0.037,0.012,0.3,0.003,31158,67,10
960,20220222,전농동,1.0,36.0,87.0,29,15,0.037,0.012,0.3,0.003,28066,45,10
961,20220314,장안동,14.0,98.0,15.0,17,8,0.024,0.022,0.5,0.002,13439,67,11
962,20220314,전농동,14.0,97.0,39.0,17,8,0.024,0.022,0.5,0.002,14457,45,11
963,20220524,장안동,30.0,31.0,63.0,35,16,0.054,0.016,0.3,0.003,35236,67,15
964,20220524,전농동,31.0,33.0,24.0,35,16,0.054,0.016,0.3,0.003,34244,45,15
965,20220524,답십리동,29.0,34.0,25.0,35,16,0.054,0.016,0.3,0.003,19501,45,15
966,20220524,이문동,30.0,35.0,23.0,35,16,0.054,0.016,0.3,0.003,11455,40,15
967,20220524,제기동,31.0,38.0,22.0,35,16,0.054,0.016,0.3,0.003,22991,34,15
968,20220524,청량리동,27.0,39.0,18.0,35,16,0.054,0.016,0.3,0.003,13184,28,15
969,20220524,회기동,29.0,39.0,44.0,35,16,0.054,0.016,0.3,0.003,8001,11,15
970,20220524,휘경동,30.0,39.0,19.0,35,16,0.054,0.016,0.3,0.003,27018,33,15
971,20220620,장안동,28.0,64.0,16.0,32,18,0.039,0.017,0.4,0.002,34915,67,15
972,20220620,전농동,29.0,68.0,18.0,32,18,0.039,0.017,0.4,0.002,33913,45,15
973,20220620,답십리동,28.0,69.0,11.0,32,18,0.039,0.017,0.4,0.002,19422,45,15
974,20220620,이문동,29.0,70.0,16.0,32,18,0.039,0.017,0.4,0.002,10877,40,15
975,20220620,제기동,28.0,70.0,25.0,32,18,0.039,0.017,0.4,0.002,22227,34,15
976,20220620,청량리동,26.0,70.0,12.0,32,18,0.039,0.017,0.4,0.002,13014,28,15
977,20220620,회기동,28.0,71.0,35.0,32,18,0.039,0.017,0.4,0.002,7315,11,15
978,20220620,휘경동,28.0,71.0,5.0,32,18,0.039,0.017,0.4,0.002,24951,33,15
979,20220725,장안동,33.0,61.0,44.0,18,9,0.036,0.01,0.3,0.002,34485,67,15
980,20220725,전농동,33.0,63.0,5.0,18,9,0.036,0.01,0.3,0.002,31228,45,15
981,20220725,답십리동,31.0,65.0,28.0,18,9,0.036,0.01,0.3,0.002,18940,45,15
982,20220725,이문동,31.0,63.0,11.0,18,9,0.036,0.01,0.3,0.002,9939,40,15
983,20220725,제기동,32.0,58.0,5.0,18,9,0.036,0.01,0.3,0.002,20738,34,15
984,20220725,청량리동,30.0,63.0,12.0,18,9,0.036,0.01,0.3,0.002,12973,28,15
985,20220725,회기동,31.0,64.0,81.0,18,9,0.036,0.01,0.3,0.002,6629,11,15
986,20220725,휘경동,31.0,65.0,14.0,18,9,0.036,0.01,0.3,0.002,22854,33,15
987,20220914,장안동,29.0,55.0,4.0,17,9,0.04,0.01,0.3,0.002,36567,67,18
988,20220914,전농동,29.0,56.0,6.0,17,9,0.04,0.01,0.3,0.002,35225,45,18
989,20220914,답십리동,28.0,56.0,8.0,17,9,0.04,0.01,0.3,0.002,19927,45,18
990,20220914,이문동,28.0,57.0,16.0,17,9,0.04,0.01,0.3,0.002,12253,40,18
991,20220914,제기동,30.0,56.0,9.0,17,9,0.04,0.01,0.3,0.002,22753,34,18
992,20220914,청량리동,27.0,56.0,13.0,17,9,0.04,0.01,0.3,0.002,13308,28,18
993,20220914,회기동,29.0,55.0,71.0,17,9,0.04,0.01,0.3,0.002,9305,11,18
994,20220914,휘경동,28.0,57.0,7.0,17,9,0.04,0.01,0.3,0.002,27593,33,18
995,20221017,장안동,15.0,26.0,40.0,27,11,0.029,0.008,0.3,0.003,33566,67,18
996,20221017,전농동,15.0,26.0,11.0,27,11,0.029,0.008,0.3,0.003,31363,45,18
997,20221017,답십리동,14.0,27.0,17.0,27,11,0.029,0.008,0.3,0.003,18125,45,18
998,20221017,이문동,15.0,28.0,17.0,27,11,0.029,0.008,0.3,0.003,10903,40,18
999,20221017,제기동,16.0,31.0,22.0,27,11,0.029,0.008,0.3,0.003,21377,34,18
1000,20221017,청량리동,14.0,33.0,103.0,27,11,0.029,0.008,0.3,0.003,12037,28,18
1001,20221017,회기동,14.0,30.0,365.0,27,11,0.029,0.008,0.3,0.003,8393,11,18
1002,20221017,휘경동,15.0,32.0,13.0,27,11,0.029,0.008,0.3,0.003,25636,33,18
1003,20221118,장안동,18.0,53.0,10.0,45,28,0.012,0.041,0.7,0.004,35361,67,18
1004,20221118,전농동,18.0,59.0,64.0,45,28,0.012,0.041,0.7,0.004,33591,45,18
1005,20221118,답십리동,15.0,59.0,13.0,45,28,0.012,0.041,0.7,0.004,19177,45,18
1006,20221118,이문동,17.0,60.0,20.0,45,28,0.012,0.041,0.7,0.004,11700,40,18
1007,20221118,제기동,17.0,64.0,8.0,45,28,0.012,0.041,0.7,0.004,22707,34,18
1008,20221118,청량리동,12.0,65.0,21.0,45,28,0.012,0.041,0.7,0.004,13119,28,18
1009,20221118,회기동,16.0,63.0,20.0,45,28,0.012,0.041,0.7,0.004,7728,11,18
1010,20221118,휘경동,16.0,66.0,6.0,45,28,0.012,0.041,0.7,0.004,24457,33,18
1011,20230118,장안동,2.0,38.0,73.0,50,23,0.017,0.03,0.6,0.004,36431,67,38
1012,20230118,전농동,3.0,29.0,131.0,50,23,0.017,0.03,0.6,0.004,33173,45,38
1013,20230208,장안동,5.0,66.0,29.0,68,51,0.023,0.029,0.7,0.004,37016,67,55
1014,20230208,전농동,5.0,67.0,8.0,68,51,0.023,0.029,0.7,0.004,31869,45,55
1015,20230223,장안동,6.0,66.0,48.0,40,24,0.032,0.024,0.5,0.004,35918,67,58
1016,20230223,전농동,6.0,64.0,63.0,40,24,0.032,0.024,0.5,0.004,31165,45,58
1017,20220307,목동,5.0,40.0,49.0,43,20,0.015,0.037,0.5,0.003,55270,130,19
1018,20220307,신정동,5.0,40.0,87.0,43,20,0.015,0.037,0.5,0.003,49676,190,19
1019,20220316,목동,12.0,57.0,143.0,70,38,0.018,0.039,0.7,0.003,55128,130,20
1020,20220316,신정동,12.0,54.0,128.0,70,38,0.018,0.039,0.7,0.003,49674,190,20
1021,20220322,목동,8.0,55.0,28.0,39,26,0.037,0.021,0.5,0.003,55283,130,20
1022,20220322,신정동,8.0,54.0,31.0,39,26,0.037,0.021,0.5,0.003,49854,190,20
1023,20220331,목동,16.0,57.0,212.0,21,9,0.036,0.014,0.4,0.002,57448,130,14
1024,20220331,상암동,16.0,55.0,19.0,21,9,0.036,0.014,0.4,0.002,28306,94,14
1025,20220331,화곡동,15.0,57.0,209.0,21,9,0.036,0.014,0.4,0.002,53762,156,14
1026,20220518,목동,25.0,46.0,115.0,54,33,0.078,0.015,0.5,0.003,63581,130,26
1027,20220518,신정동,26.0,46.0,81.0,54,33,0.078,0.015,0.5,0.003,57978,190,26
1028,20220518,신월동,26.0,44.0,32.0,54,33,0.078,0.015,0.5,0.003,39238,82,26
1029,20220624,목동,25.0,86.0,19.0,21,12,0.035,0.011,0.4,0.002,66335,130,32
1030,20220624,신정동,23.0,87.0,21.0,21,12,0.035,0.011,0.4,0.002,59846,190,32
1031,20220624,신월동,23.0,87.0,15.0,21,12,0.035,0.011,0.4,0.002,40734,82,32
1032,20220715,목동,31.0,71.0,21.0,23,14,0.033,0.014,0.4,0.002,68628,130,39
1033,20220715,신정동,30.0,74.0,18.0,23,14,0.033,0.014,0.4,0.002,62885,190,39
1034,20220715,신월동,32.0,58.0,9.0,23,14,0.033,0.014,0.4,0.002,42171,82,39
1035,20220908,목동,29.0,64.0,18.0,32,16,0.031,0.024,0.5,0.003,66253,130,39
1036,20220908,신정동,27.0,63.0,38.0,32,16,0.031,0.024,0.5,0.003,59062,190,39
1037,20220908,신월동,30.0,44.0,102.0,32,16,0.031,0.024,0.5,0.003,40787,82,39
1038,20221011,목동,15.0,76.0,11.0,14,10,0.02,0.014,0.3,0.001,63708,130,40
1039,20221011,신정동,15.0,73.0,17.0,14,10,0.02,0.014,0.3,0.001,57687,190,40
1040,20221011,신월동,16.0,65.0,15.0,14,10,0.02,0.014,0.3,0.001,39518,82,40
1041,20221109,목동,16.0,98.0,23.0,72,52,0.017,0.038,0.7,0.004,63788,130,48
1042,20221109,신정동,16.0,93.0,32.0,72,52,0.017,0.038,0.7,0.004,57684,190,48
1043,20221109,신월동,16.0,69.0,25.0,72,52,0.017,0.038,0.7,0.004,38962,82,48
1044,20221229,목동,1.0,43.0,244.0,40,18,0.011,0.033,0.6,0.004,66002,130,45
1045,20221229,염창동,0.0,41.0,259.0,40,18,0.011,0.033,0.6,0.004,14605,37,45
1046,20230120,목동,-3.0,42.0,210.0,75,17,0.022,0.014,0.4,0.003,65375,130,63
1047,20230120,신정동,-3.0,41.0,95.0,75,17,0.022,0.014,0.4,0.003,54274,190,63
1048,20230213,목동,6.0,72.0,7.0,42,27,0.023,0.029,0.6,0.004,62935,130,69
1049,20230213,염창동,6.0,73.0,1.0,42,27,0.023,0.029,0.6,0.004,14161,37,69
1050,20230213,목동,8.0,61.0,10.0,40,30,0.019,0.028,0.6,0.003,62935,130,60
1051,20230213,신정동,8.0,63.0,15.0,40,30,0.019,0.028,0.6,0.003,53172,190,60
1052,20230227,목동,9.0,45.0,257.0,59,34,0.023,0.04,0.6,0.004,63050,130,74
1053,20230227,염창동,8.0,53.0,169.0,59,34,0.023,0.04,0.6,0.004,14390,37,74
1054,20230227,목동,7.0,57.0,91.0,50,34,0.016,0.039,0.6,0.004,63050,130,70
1055,20230227,신정동,7.0,60.0,147.0,50,34,0.016,0.039,0.6,0.004,54887,190,70
1056,20230313,목동,3.0,28.0,113.0,39,7,0.035,0.015,0.3,0.003,63060,130,83
1057,20230313,염창동,4.0,27.0,28.0,39,7,0.035,0.015,0.3,0.003,14474,37,83
1058,20230313,목동,6.0,23.0,19.0,33,8,0.029,0.015,0.3,0.003,63060,130,80
1059,20230313,신정동,6.0,24.0,13.0,33,8,0.029,0.015,0.3,0.003,56942,190,80
1060,20220504,신당동,23.0,30.0,66.0,31,20,0.044,0.03,0.5,0.004,11336,24,13
1061,20220504,장충동,23.0,29.0,4.0,31,20,0.044,0.03,0.5,0.004,4107,17,13
1062,20220531,신당동,26.0,52.0,20.0,21,8,0.041,0.02,0.3,0.003,11975,24,13
1063,20220531,장충동,25.0,44.0,6.0,21,8,0.041,0.02,0.3,0.003,3808,17,13
1064,20220712,신당동,31.0,63.0,8.0,11,5,0.03,0.019,0.3,0.003,11570,24,16
1065,20220712,장충동,31.0,59.0,4.0,11,5,0.03,0.019,0.3,0.003,3779,17,16
1066,20220826,신당동,30.0,58.0,6.0,28,21,0.058,0.018,0.4,0.003,11620,24,21
1067,20220826,장충동,30.0,51.0,6.0,28,21,0.058,0.018,0.4,0.003,4264,17,21
1068,20221007,신당동,18.0,62.0,10.0,9,4,0.021,0.011,0.3,0.002,11662,24,24
1069,20221007,장충동,18.0,59.0,8.0,9,4,0.021,0.011,0.3,0.002,4737,17,24
1070,20221031,신당동,19.0,61.0,12.0,24,15,0.024,0.027,0.4,0.002,11137,24,29
1071,20221031,장충동,19.0,52.0,2.0,24,15,0.024,0.027,0.4,0.002,4591,17,29
1072,20230120,신당동,-3.0,38.0,116.0,0,0,0.0,0.0,0.0,0.0,9805,24,58
1073,20230131,신당동,5.0,48.0,11.0,0,0,0.0,0.0,0.0,0.0,10331,24,60
1074,20230213,신당동,9.0,54.0,2.0,0,0,0.0,0.0,0.0,0.0,10332,24,69
1075,20220520,양재동,25.0,42.0,22.0,39,19,0.052,0.017,0.3,0.004,64312,116,34
1076,20220613,양재동,30.0,57.0,73.0,25,16,0.043,0.011,0.3,0.002,61100,116,38
1077,20220711,양재동,30.0,71.0,9.0,24,13,0.043,0.018,0.4,0.002,62093,116,39
1078,20221004,양재동,21.0,71.0,5.0,11,4,0.021,0.009,0.3,0.002,62195,116,42
1079,20221020,양재동,20.0,32.0,7.0,37,18,0.017,0.036,0.5,0.002,61765,116,42
1080,20221124,양재동,14.0,55.0,9.0,58,33,0.009,0.041,0.5,0.002,61927,116,47
1081,20220616,대림동,25.0,70.0,49.0,16,8,0.028,0.014,0.3,0.002,17478,75,16
1082,20220616,문래동,23.0,80.0,38.0,16,8,0.028,0.014,0.3,0.002,13486,54,16
1083,20220616,영등포동,24.0,83.0,88.0,16,8,0.028,0.014,0.3,0.002,38102,53,16
1084,20221219,대림동,-4.0,44.0,201.0,21,9,0.013,0.026,0.4,0.003,17443,75,40
1085,20220517,숭인동,26.0,44.0,45.0,49,25,0.072,0.017,0.5,0.004,12098,32,17
1086,20220517,창신동,26.0,45.0,31.0,49,25,0.072,0.017,0.5,0.004,12563,23,17
1087,20220517,평창동,27.0,43.0,11.0,49,25,0.072,0.017,0.5,0.004,9482,59,17
1088,20220517,혜화동,27.0,43.0,33.0,49,25,0.072,0.017,0.5,0.004,17500,29,17
1089,20220620,숭인동,27.0,86.0,6.0,25,16,0.038,0.015,0.4,0.003,11902,32,19
1090,20220620,창신동,26.0,90.0,7.0,25,16,0.038,0.015,0.4,0.003,12225,23,19
1091,20220620,평창동,27.0,84.0,6.0,25,16,0.038,0.015,0.4,0.003,9849,59,19
1092,20220620,혜화동,28.0,80.0,5.0,25,16,0.038,0.015,0.4,0.003,16008,29,19
1093,20220712,숭인동,30.0,72.0,23.0,10,5,0.033,0.013,0.3,0.003,12364,32,21
1094,20220712,창신동,29.0,77.0,21.0,10,5,0.033,0.013,0.3,0.003,12618,23,21
1095,20220712,평창동,29.0,79.0,7.0,10,5,0.033,0.013,0.3,0.003,9438,59,21
1096,20220712,혜화동,30.0,75.0,24.0,10,5,0.033,0.013,0.3,0.003,16680,29,21
1097,20220831,숭인동,25.0,88.0,3.0,8,3,0.026,0.012,0.4,0.003,12866,32,26
1098,20220831,창신동,24.0,92.0,3.0,8,3,0.026,0.012,0.4,0.003,13102,23,26
1099,20220831,평창동,23.0,100.0,4.0,8,3,0.026,0.012,0.4,0.003,9393,59,26
1100,20220831,혜화동,24.0,91.0,9.0,8,3,0.026,0.012,0.4,0.003,18072,29,26
1101,20220930,숭인동,25.0,70.0,9.0,45,32,0.05,0.029,0.6,0.004,13813,32,26
1102,20220930,창신동,23.0,75.0,7.0,45,32,0.05,0.029,0.6,0.004,13166,23,26
1103,20220930,평창동,27.0,51.0,7.0,45,32,0.05,0.029,0.6,0.004,10283,59,26
1104,20220930,혜화동,25.0,64.0,7.0,45,32,0.05,0.029,0.6,0.004,23120,29,26
1105,20221111,숭인동,19.0,65.0,2.0,54,37,0.024,0.039,0.7,0.003,13358,32,27
1106,20221111,창신동,18.0,69.0,1.0,54,37,0.024,0.039,0.7,0.003,12754,23,27
1107,20221111,평창동,20.0,56.0,5.0,54,37,0.024,0.039,0.7,0.003,10062,59,27
1108,20221111,혜화동,20.0,59.0,10.0,54,37,0.024,0.039,0.7,0.003,19071,29,27
1109,20221205,숭인동,0.0,32.0,39.0,19,11,0.019,0.02,0.4,0.003,11646,32,30
1110,20221205,창신동,-1.0,35.0,50.0,19,11,0.019,0.02,0.4,0.003,11838,23,30
1111,20221205,평창동,0.0,32.0,33.0,19,11,0.019,0.02,0.4,0.003,8889,59,30
1112,20221205,혜화동,0.0,34.0,47.0,19,11,0.019,0.02,0.4,0.003,16808,29,30
1113,20220823,서초동,30.0,65.0,14.0,14,7,0.03,0.017,0.3,0.002,74034,59,40
1114,20220823,잠원동,31.0,65.0,4.0,14,7,0.03,0.017,0.3,0.002,10570,24,40
1115,20220718,문래동,32.0,51.0,1.0,26,18,0.044,0.017,0.4,0.003,14107,54,22
1116,20220718,영등포동,32.0,57.0,3.0,26,18,0.044,0.017,0.4,0.003,37110,53,22
1117,20220823,문래동,27.0,77.0,13.0,18,9,0.032,0.017,0.4,0.003,14085,54,24
1118,20220823,영등포동,28.0,80.0,31.0,18,9,0.032,0.017,0.4,0.003,38362,53,24
1119,20221005,문래동,21.0,59.0,11.0,22,8,0.019,0.017,0.4,0.003,13745,54,29
1120,20221005,영등포동,21.0,61.0,20.0,22,8,0.019,0.017,0.4,0.003,38556,53,29
1121,20221115,문래동,12.0,86.0,13.0,28,15,0.014,0.032,0.5,0.003,13125,54,32
1122,20221115,영등포동,12.0,87.0,31.0,28,15,0.014,0.032,0.5,0.003,37003,53,32
1123,20221213,문래동,4.0,56.0,20.0,177,34,0.021,0.019,0.4,0.003,7513,54,39
1124,20221213,영등포동,4.0,76.0,157.0,177,34,0.021,0.019,0.4,0.003,39338,53,39
1125,20220831,거여동,24.0,70.0,13.0,11,3,0.024,0.014,0.3,0.002,6665,19,38
1126,20220831,마천동,24.0,72.0,15.0,11,3,0.024,0.014,0.3,0.002,10956,26,38
1127,20220831,문정동,23.0,74.0,16.0,11,3,0.024,0.014,0.3,0.002,15250,49,38
1128,20220831,방이동,24.0,69.0,14.0,11,3,0.024,0.014,0.3,0.002,11077,26,38
1129,20220831,잠실동,24.0,71.0,16.0,11,3,0.024,0.014,0.3,0.002,48489,57,38
1130,20220831,장지동,24.0,74.0,14.0,11,3,0.024,0.014,0.3,0.002,12115,31,38
1131,20221201,거여동,-1.0,39.0,38.0,23,10,0.02,0.018,0.4,0.003,6501,19,48
1132,20221201,마천동,-1.0,41.0,20.0,23,10,0.02,0.018,0.4,0.003,10134,26,48
1133,20221201,문정동,-2.0,39.0,13.0,23,10,0.02,0.018,0.4,0.003,14873,49,48
1134,20221201,방이동,-1.0,38.0,43.0,23,10,0.02,0.018,0.4,0.003,11154,26,48
1135,20221201,잠실동,-1.0,38.0,14.0,23,10,0.02,0.018,0.4,0.003,47135,57,48
1136,20221201,장지동,-1.0,38.0,22.0,23,10,0.02,0.018,0.4,0.003,11652,31,48
1137,20221214,장지동,-4.0,41.0,163.0,51,13,0.021,0.017,0.4,0.003,11761,31,49
1138,20230131,장지동,7.0,47.0,163.0,38,16,0.018,0.033,0.5,0.003,10846,31,64
1139,20230228,장지동,7.0,59.0,4.0,37,23,0.021,0.037,0.5,0.003,11143,31,79
